ptnum,Rout,L,lnRa,lnRb,theta,P_x,P_y,P_z,Rin,analytic_vortex_core_vel_x,analytic_vortex_core_vel_y,analytic_vortex_core_vel_z
0,2.0,0.6931471824645996,0.6931471824645996,0.0,0.0,1.0,0.0,0.0,1.0,3.825071814844705e-07,0.0,-8.815495675662532e-06
1,2.0,0.6931471824645996,0.6911451816558838,-0.002002021996304393,0.0,1.0020040273666382,0.0,0.0,1.0,-3.7957354379614117e-06,0.0,-0.0011548853944987059
2,2.0,0.6931471824645996,0.6891471147537231,-0.004000043962150812,0.0,1.0040080547332764,0.0,0.0,1.0,1.4460791817327845e-06,0.0,-0.0022964803501963615
3,2.0,0.6931471824645996,0.6871531009674072,-0.005994081497192383,0.0,1.0060120820999146,0.0,0.0,1.0,1.569994992678403e-06,0.0,13.272397994995117
4,2.0,0.6931471824645996,0.685163140296936,-0.007984032854437828,0.0,1.0080159902572632,0.0,0.0,1.0,1.949449824678595e-06,0.0,9.962400436401367
5,2.0,0.6931471824645996,0.6831770539283752,-0.009970149956643581,0.0,1.0100200176239014,0.0,0.0,1.0,-1.0915259736066218e-06,0.0,7.975793838500977
6,2.0,0.6931471824645996,0.6811948418617249,-0.011952330358326435,0.0,1.0120240449905396,0.0,0.0,1.0,-5.069281314717955e-07,0.0,6.650989532470703
7,2.0,0.6931471824645996,0.6792165637016296,-0.013930589891970158,0.0,1.0140280723571777,0.0,0.0,1.0,-9.545664170218515e-07,0.0,5.704371452331543
8,2.0,0.6931471824645996,0.6772422194480896,-0.015904942527413368,0.0,1.016032099723816,0.0,0.0,1.0,1.7253343287393363e-07,0.0,4.994143962860107
9,2.0,0.6931471824645996,0.67527174949646,-0.01787540502846241,0.0,1.018036127090454,0.0,0.0,1.0,-9.55752170739288e-07,0.0,4.441497325897217
10,2.0,0.6931471824645996,0.673305332660675,-0.01984187588095665,0.0,1.0200400352478027,0.0,0.0,1.0,2.988207938869891e-07,0.0,3.999206066131592
11,2.0,0.6931471824645996,0.6713425517082214,-0.021804604679346085,0.0,1.022044062614441,0.0,0.0,1.0,1.3541799717131653e-06,0.0,3.6370818614959717
12,2.0,0.6931471824645996,0.669383704662323,-0.023763488978147507,0.0,1.024048089981079,0.0,0.0,1.0,-1.837985053043667e-08,0.0,3.3351337909698486
13,2.0,0.6931471824645996,0.6674286127090454,-0.02571854181587696,0.0,1.0260521173477173,0.0,0.0,1.0,2.3715935526524845e-07,0.0,3.079484701156616
14,2.0,0.6931471824645996,0.6654773950576782,-0.02766978181898594,0.0,1.0280561447143555,0.0,0.0,1.0,-1.1419223255870747e-06,0.0,2.860203266143799
15,2.0,0.6931471824645996,0.6635299921035767,-0.029617220163345337,0.0,1.0300601720809937,0.0,0.0,1.0,-1.7306704194197664e-06,0.0,2.6700234413146973
16,2.0,0.6931471824645996,0.6615864038467407,-0.031560759991407394,0.0,1.0320640802383423,0.0,0.0,1.0,-1.9773160602198914e-06,0.0,2.503478527069092
17,2.0,0.6931471824645996,0.6596465110778809,-0.03350064158439636,0.0,1.0340681076049805,0.0,0.0,1.0,-8.300577114539465e-09,0.0,2.356412887573242
18,2.0,0.6931471824645996,0.6577104330062866,-0.03543676808476448,0.0,1.0360721349716187,0.0,0.0,1.0,1.8528074861023924e-06,0.0,2.2255771160125732
19,2.0,0.6931471824645996,0.6557780504226685,-0.03736915439367294,0.0,1.0380761623382568,0.0,0.0,1.0,6.865763566565874e-07,0.0,2.1083829402923584
20,2.0,0.6931471824645996,0.6538493633270264,-0.039297815412282944,0.0,1.040080189704895,0.0,0.0,1.0,2.567250021456857e-07,0.0,2.0028274059295654
21,2.0,0.6931471824645996,0.6519244313240051,-0.04122276231646538,0.0,1.0420842170715332,0.0,0.0,1.0,1.549243506815401e-06,0.0,1.9072202444076538
22,2.0,0.6931471824645996,0.6500033140182495,-0.043143898248672485,0.0,1.0440881252288818,0.0,0.0,1.0,1.4419289300349192e-06,0.0,1.8202223777770996
23,2.0,0.6931471824645996,0.6480857133865356,-0.04506146162748337,0.0,1.04609215259552,0.0,0.0,1.0,2.717253437367617e-06,0.0,1.7406914234161377
24,2.0,0.6931471824645996,0.6461718082427979,-0.046975355595350266,0.0,1.0480961799621582,0.0,0.0,1.0,3.61075109367448e-07,0.0,1.6677130460739136
25,2.0,0.6931471824645996,0.6442615985870361,-0.04888559505343437,0.0,1.0501002073287964,0.0,0.0,1.0,1.5415358234349696e-07,0.0,1.6004986763000488
26,2.0,0.6931471824645996,0.6423549652099609,-0.05079219117760658,0.0,1.0521042346954346,0.0,0.0,1.0,8.47844717100088e-07,0.0,1.538378357887268
27,2.0,0.6931471824645996,0.6404520273208618,-0.05269515886902809,0.0,1.0541082620620728,0.0,0.0,1.0,7.0495616455446e-07,0.0,1.4807651042938232
28,2.0,0.6931471824645996,0.6385527849197388,-0.05459440127015114,0.0,1.0561121702194214,0.0,0.0,1.0,1.756165033839352e-06,0.0,1.427233099937439
29,2.0,0.6931471824645996,0.6366569995880127,-0.056490156799554825,0.0,1.0581161975860596,0.0,0.0,1.0,-3.557390382269432e-09,0.0,1.3773013353347778
30,2.0,0.6931471824645996,0.6347648501396179,-0.058382321149110794,0.0,1.0601202249526978,0.0,0.0,1.0,-4.707613356913498e-07,0.0,1.3306423425674438
31,2.0,0.6931471824645996,0.6328762769699097,-0.06027091294527054,0.0,1.062124252319336,0.0,0.0,1.0,-2.0514283960437751e-07,0.0,1.2869350910186768
32,2.0,0.6931471824645996,0.6309912204742432,-0.06215594708919525,0.0,1.0641282796859741,0.0,0.0,1.0,-1.7692087794785039e-06,0.0,1.2459207773208618
33,2.0,0.6931471824645996,0.6291097402572632,-0.06403743475675583,0.0,1.0661323070526123,0.0,0.0,1.0,7.298579021153273e-07,0.0,1.2073140144348145
34,2.0,0.6931471824645996,0.6272318959236145,-0.06591527163982391,0.0,1.068136215209961,0.0,0.0,1.0,1.407540821674047e-06,0.0,1.170934796333313
35,2.0,0.6931471824645996,0.625357449054718,-0.0677897110581398,0.0,1.0701402425765991,0.0,0.0,1.0,4.018665094918106e-06,0.0,1.1365771293640137
36,2.0,0.6931471824645996,0.6234865188598633,-0.06966063380241394,0.0,1.0721442699432373,0.0,0.0,1.0,-1.1656381957436679e-06,0.0,1.1040735244750977
37,2.0,0.6931471824645996,0.6216191053390503,-0.07152806967496872,0.0,1.0741482973098755,0.0,0.0,1.0,3.806407562478853e-07,0.0,1.0732718706130981
38,2.0,0.6931471824645996,0.6197551488876343,-0.07339201867580414,0.0,1.0761523246765137,0.0,0.0,1.0,1.6138694718392799e-06,0.0,1.0440584421157837
39,2.0,0.6931471824645996,0.6178946495056152,-0.07525250315666199,0.0,1.0781563520431519,0.0,0.0,1.0,5.193790002522292e-07,0.0,1.0162912607192993
40,2.0,0.6931471824645996,0.6160376667976379,-0.07710953056812286,0.0,1.08016037940979,0.0,0.0,1.0,2.1937241001523944e-07,0.0,0.9898685812950134
41,2.0,0.6931471824645996,0.6141842007637024,-0.07896300405263901,0.0,1.0821642875671387,0.0,0.0,1.0,-9.521947959001409e-07,0.0,0.9647046327590942
42,2.0,0.6931471824645996,0.6123340129852295,-0.08081316202878952,0.0,1.0841683149337769,0.0,0.0,1.0,-1.6565580835958826e-06,0.0,0.9406644701957703
43,2.0,0.6931471824645996,0.6104872822761536,-0.08265990018844604,0.0,1.086172342300415,0.0,0.0,1.0,1.9364060790394433e-06,0.0,0.917728841304779
44,2.0,0.6931471824645996,0.6086439490318298,-0.08450324088335037,0.0,1.0881763696670532,0.0,0.0,1.0,5.810404246631151e-08,0.0,0.8957860469818115
45,2.0,0.6931471824645996,0.6068040132522583,-0.0863431841135025,0.0,1.0901803970336914,0.0,0.0,1.0,-5.217505645305209e-07,0.0,0.87479168176651
46,2.0,0.6931471824645996,0.6049674153327942,-0.08817975223064423,0.0,1.0921844244003296,0.0,0.0,1.0,-8.063418022175028e-08,0.0,0.8546697497367859
47,2.0,0.6931471824645996,0.6031343340873718,-0.09001284092664719,0.0,1.0941883325576782,0.0,0.0,1.0,1.3067480040263035e-06,0.0,0.835372269153595
48,2.0,0.6931471824645996,0.6013045310974121,-0.09184268116950989,0.0,1.0961923599243164,0.0,0.0,1.0,-3.675970106087334e-07,0.0,0.816821277141571
49,2.0,0.6931471824645996,0.599478006362915,-0.09366918355226517,0.0,1.0981963872909546,0.0,0.0,1.0,-1.3067480040263035e-06,0.0,0.7989988923072815
50,2.0,0.6931471824645996,0.5976548194885254,-0.09549235552549362,0.0,1.1002004146575928,0.0,0.0,1.0,-1.0435011432718966e-07,0.0,0.781872570514679
51,2.0,0.6931471824645996,0.5958349704742432,-0.09731221199035645,0.0,1.102204442024231,0.0,0.0,1.0,1.966051058843732e-06,0.0,0.7653705477714539
52,2.0,0.6931471824645996,0.5940183997154236,-0.09912876039743423,0.0,1.1042084693908691,0.0,0.0,1.0,8.774896542718125e-08,0.0,0.749483048915863
53,2.0,0.6931471824645996,0.592205286026001,-0.10094191133975983,0.0,1.1062123775482178,0.0,0.0,1.0,-1.6363995314350177e-07,0.0,0.7341595888137817
54,2.0,0.6931471824645996,0.5903953313827515,-0.10275188088417053,0.0,1.108216404914856,0.0,0.0,1.0,-4.7431871763592426e-08,0.0,0.7193639278411865
55,2.0,0.6931471824645996,0.5885885953903198,-0.10455857962369919,0.0,1.1102204322814941,0.0,0.0,1.0,1.3518083505914547e-06,0.0,0.7050865292549133
56,2.0,0.6931471824645996,0.5867851376533508,-0.10636202991008759,0.0,1.1122244596481323,0.0,0.0,1.0,-4.46096737505286e-06,0.0,0.6913062930107117
57,2.0,0.6931471824645996,0.5849849581718445,-0.10816222429275513,0.0,1.1142284870147705,0.0,0.0,1.0,-1.802411162543649e-07,0.0,0.6779391765594482
58,2.0,0.6931471824645996,0.583187997341156,-0.1099591851234436,0.0,1.1162325143814087,0.0,0.0,1.0,-6.877621672174428e-08,0.0,0.6650465130805969
59,2.0,0.6931471824645996,0.581394374370575,-0.11175282299518585,0.0,1.1182364225387573,0.0,0.0,1.0,-5.810404246631151e-08,0.0,0.6525548100471497
60,2.0,0.6931471824645996,0.5796038508415222,-0.11354334652423859,0.0,1.1202404499053955,0.0,0.0,1.0,3.675970106087334e-08,0.0,0.6404276490211487
61,2.0,0.6931471824645996,0.5778164863586426,-0.11533068120479584,0.0,1.1222444772720337,0.0,0.0,1.0,1.0553591067719026e-07,0.0,0.6286962628364563
62,2.0,0.6931471824645996,0.5760323405265808,-0.11711481958627701,0.0,1.1242485046386719,0.0,0.0,1.0,3.0949297524784924e-07,0.0,0.6173053979873657
63,2.0,0.6931471824645996,0.5742514133453369,-0.11889577656984329,0.0,1.12625253200531,0.0,0.0,1.0,1.2012121715088142e-06,0.0,0.606265664100647
64,2.0,0.6931471824645996,0.5724735856056213,-0.12067357450723648,0.0,1.1282565593719482,0.0,0.0,1.0,1.5498363836741191e-06,0.0,0.5955305099487305
65,2.0,0.6931471824645996,0.5706990957260132,-0.12244810909032822,0.0,1.1302604675292969,0.0,0.0,1.0,9.023913776218251e-07,0.0,0.5851122736930847
66,2.0,0.6931471824645996,0.5689275860786438,-0.12421960383653641,0.0,1.132264494895935,0.0,0.0,1.0,-1.2771031379088527e-06,0.0,0.5749812126159668
67,2.0,0.6931471824645996,0.5671591758728027,-0.1259879767894745,0.0,1.1342685222625732,0.0,0.0,1.0,4.615121270035161e-06,0.0,0.5651345252990723
68,2.0,0.6931471824645996,0.5653939843177795,-0.12775321304798126,0.0,1.1362725496292114,0.0,0.0,1.0,1.541535787907833e-08,0.0,0.5555462837219238
69,2.0,0.6931471824645996,0.5636318325996399,-0.12951534986495972,0.0,1.1382765769958496,0.0,0.0,1.0,-4.6246075413591825e-08,0.0,0.5462130904197693
70,2.0,0.6931471824645996,0.5618728399276733,-0.13127437233924866,0.0,1.1402806043624878,0.0,0.0,1.0,-3.9961352626960434e-07,0.0,0.5371415019035339
71,2.0,0.6931471824645996,0.5601168870925903,-0.13303032517433167,0.0,1.142284631729126,0.0,0.0,1.0,-2.3715935881796213e-08,0.0,0.5282982587814331
72,2.0,0.6931471824645996,0.5583640933036804,-0.134783074259758,0.0,1.1442885398864746,0.0,0.0,1.0,1.1265069588262122e-06,0.0,0.5196579694747925
73,2.0,0.6931471824645996,0.5566142797470093,-0.13653287291526794,0.0,1.1462925672531128,0.0,0.0,1.0,7.743253149783413e-07,0.0,0.5112716555595398
74,2.0,0.6931471824645996,0.5548675656318665,-0.13827961683273315,0.0,1.148296594619751,0.0,0.0,1.0,1.396868583469768e-06,0.0,0.5030626058578491
75,2.0,0.6931471824645996,0.5531238317489624,-0.14002332091331482,0.0,1.1503006219863892,0.0,0.0,1.0,1.5201915175566683e-06,0.0,0.4950549304485321
76,2.0,0.6931471824645996,0.5513831973075867,-0.14176398515701294,0.0,1.1523046493530273,0.0,0.0,1.0,1.610311983313295e-06,0.0,0.4872448444366455
77,2.0,0.6931471824645996,0.5496456623077393,-0.14350152015686035,0.0,1.154308557510376,0.0,0.0,1.0,-2.668042725417763e-06,0.0,0.4796162545681
78,2.0,0.6931471824645996,0.5479110479354858,-0.14523613452911377,0.0,1.1563125848770142,0.0,0.0,1.0,7.96855431417498e-07,0.0,0.47217312455177307
79,2.0,0.6931471824645996,0.5461794137954712,-0.14696775376796722,0.0,1.1583166122436523,0.0,0.0,1.0,1.5889676774349937e-07,0.0,0.46487078070640564
80,2.0,0.6931471824645996,0.5444508194923401,-0.14869637787342072,0.0,1.1603206396102905,0.0,0.0,1.0,2.23048368752643e-06,0.0,0.45776525139808655
81,2.0,0.6931471824645996,0.542725145816803,-0.15042202174663544,0.0,1.1623246669769287,0.0,0.0,1.0,-7.114780764538864e-09,0.0,0.4508064091205597
82,2.0,0.6931471824645996,0.5410025119781494,-0.15214470028877258,0.0,1.164328694343567,0.0,0.0,1.0,-6.865763566565874e-07,0.0,0.44399431347846985
83,2.0,0.6931471824645996,0.5392827987670898,-0.15386439859867096,0.0,1.166332721710205,0.0,0.0,1.0,-3.2846571684785886e-07,0.0,0.43733057379722595
84,2.0,0.6931471824645996,0.5375661253929138,-0.1555810570716858,0.0,1.1683366298675537,0.0,0.0,1.0,4.2451526383047167e-07,0.0,0.4308043420314789
85,2.0,0.6931471824645996,0.535852313041687,-0.1572948694229126,0.0,1.170340657234192,0.0,0.0,1.0,-1.7668371583567932e-06,0.0,0.42443397641181946
86,2.0,0.6931471824645996,0.5341414213180542,-0.15900574624538422,0.0,1.17234468460083,0.0,0.0,1.0,-8.537737130609457e-07,0.0,0.41817888617515564
87,2.0,0.6931471824645996,0.5324335098266602,-0.16071370244026184,0.0,1.1743487119674683,0.0,0.0,1.0,4.482311908304837e-07,0.0,0.4120415151119232
88,2.0,0.6931471824645996,0.5307284593582153,-0.16241875290870667,0.0,1.1763527393341064,0.0,0.0,1.0,-2.0312697870394913e-06,0.0,0.4060555696487427
89,2.0,0.6931471824645996,0.5290262699127197,-0.1641208976507187,0.0,1.1783567667007446,0.0,0.0,1.0,-3.913129376087454e-08,0.0,0.4001659154891968
90,2.0,0.6931471824645996,0.5273271203041077,-0.16582004725933075,0.0,1.1803606748580933,0.0,0.0,1.0,7.49423577417474e-07,0.0,0.39440226554870605
91,2.0,0.6931471824645996,0.5256307721138,-0.16751642525196075,0.0,1.1823647022247314,0.0,0.0,1.0,-4.91512764710933e-06,0.0,0.388731986284256
92,2.0,0.6931471824645996,0.5239372849464417,-0.16920991241931915,0.0,1.1843687295913696,0.0,0.0,1.0,4.3874482713590623e-08,0.0,0.38318225741386414
93,2.0,0.6931471824645996,0.5222465991973877,-0.17090055346488953,0.0,1.1863727569580078,0.0,0.0,1.0,5.928983970449053e-09,0.0,0.3777441382408142
94,2.0,0.6931471824645996,0.5205588340759277,-0.17258833348751068,0.0,1.188376784324646,0.0,0.0,1.0,1.5522080047958298e-06,0.0,0.3723914623260498
95,2.0,0.6931471824645996,0.518873929977417,-0.1742732673883438,0.0,1.1903808116912842,0.0,0.0,1.0,6.98434291734884e-07,0.0,0.36714404821395874
96,2.0,0.6931471824645996,0.5171918869018555,-0.17595526576042175,0.0,1.1923847198486328,0.0,0.0,1.0,5.691824611631091e-08,0.0,0.3619813024997711
97,2.0,0.6931471824645996,0.5155126452445984,-0.17763455212116241,0.0,1.194388747215271,0.0,0.0,1.0,5.691824611631091e-08,0.0,0.35693275928497314
98,2.0,0.6931471824645996,0.513836145401001,-0.17931100726127625,0.0,1.1963927745819092,0.0,0.0,1.0,-8.537736562175269e-08,0.0,0.35194844007492065
99,2.0,0.6931471824645996,0.5121625065803528,-0.18098466098308563,0.0,1.1983968019485474,0.0,0.0,1.0,1.2178132919871132e-06,0.0,0.3470795750617981
100,2.0,0.6931471824645996,0.510491669178009,-0.18265552818775177,0.0,1.2004008293151855,0.0,0.0,1.0,-7.114780942174548e-08,0.0,0.34225043654441833
101,2.0,0.6931471824645996,0.508823573589325,-0.18432359397411346,0.0,1.2024048566818237,0.0,0.0,1.0,7.470519847174728e-08,0.0,0.3375360369682312
102,2.0,0.6931471824645996,0.5071582794189453,-0.1859888881444931,0.0,1.204408884048462,0.0,0.0,1.0,1.9719800548045896e-06,0.0,0.3328849971294403
103,2.0,0.6931471824645996,0.5054958462715149,-0.18765132129192352,0.0,1.2064127922058105,0.0,0.0,1.0,3.0913722639525076e-06,0.0,0.3283193111419678
104,2.0,0.6931471824645996,0.5038360953330994,-0.18931108713150024,0.0,1.2084168195724487,0.0,0.0,1.0,-2.3123037351524545e-07,0.0,0.3238281011581421
105,2.0,0.6931471824645996,0.5021790862083435,-0.1909681111574173,0.0,1.210420846939087,0.0,0.0,1.0,-1.2154416708654026e-06,0.0,0.3194155991077423
106,2.0,0.6931471824645996,0.5005248188972473,-0.1926223784685135,0.0,1.212424874305725,0.0,0.0,1.0,1.5569511333524133e-06,0.0,0.31506240367889404
107,2.0,0.6931471824645996,0.498873233795166,-0.1942739337682724,0.0,1.2144289016723633,0.0,0.0,1.0,1.519005650152394e-06,0.0,0.3107752203941345
108,2.0,0.6931471824645996,0.4972245395183563,-0.1959226429462433,0.0,1.216432809829712,0.0,0.0,1.0,-1.075517729987041e-06,0.0,0.3065643608570099
109,2.0,0.6931471824645996,0.495578408241272,-0.19756875932216644,0.0,1.21843683719635,0.0,0.0,1.0,-3.2846571684785886e-07,0.0,0.30242112278938293
110,2.0,0.6931471824645996,0.4939350187778473,-0.19921216368675232,0.0,1.2204408645629883,0.0,0.0,1.0,-2.423768592052511e-06,0.0,0.2983134090900421
111,2.0,0.6931471824645996,0.4922943115234375,-0.20085285604000092,0.0,1.2224448919296265,0.0,0.0,1.0,1.1027910318262002e-07,0.0,0.29430314898490906
112,2.0,0.6931471824645996,0.490656316280365,-0.2024908810853958,0.0,1.2244489192962646,0.0,0.0,1.0,1.994510284930584e-06,0.0,0.29031628370285034
113,2.0,0.6931471824645996,0.4890209436416626,-0.20412622392177582,0.0,1.2264529466629028,0.0,0.0,1.0,-1.756165033839352e-06,0.0,0.28641563653945923
114,2.0,0.6931471824645996,0.4873883128166199,-0.20575888454914093,0.0,1.228456974029541,0.0,0.0,1.0,1.0494301250218996e-06,0.0,0.2825603485107422
115,2.0,0.6931471824645996,0.48575836420059204,-0.20738880336284637,0.0,1.2304608821868896,0.0,0.0,1.0,-1.6020114799175644e-06,0.0,0.27877023816108704
116,2.0,0.6931471824645996,0.4841310381889343,-0.20901615917682648,0.0,1.2324649095535278,0.0,0.0,1.0,3.758975708478829e-07,0.0,0.2750394642353058
117,2.0,0.6931471824645996,0.48250633478164673,-0.21064086258411407,0.0,1.234468936920166,0.0,0.0,1.0,2.2767299014958553e-06,0.0,0.27132782340049744
118,2.0,0.6931471824645996,0.48088425397872925,-0.21226294338703156,0.0,1.2364729642868042,0.0,0.0,1.0,-1.4798744132349384e-06,0.0,0.2676866948604584
119,2.0,0.6931471824645996,0.4792647957801819,-0.21388238668441772,0.0,1.2384769916534424,0.0,0.0,1.0,-5.573244976631031e-08,0.0,0.2640785276889801
120,2.0,0.6931471824645996,0.4776480495929718,-0.2154991328716278,0.0,1.240480899810791,0.0,0.0,1.0,1.0079272527718786e-07,0.0,0.26054778695106506
121,2.0,0.6931471824645996,0.4760338366031647,-0.21711334586143494,0.0,1.2424849271774292,0.0,0.0,1.0,3.640396073478769e-07,0.0,0.25704172253608704
122,2.0,0.6931471824645996,0.4744222164154053,-0.21872496604919434,0.0,1.2444889545440674,0.0,0.0,1.0,8.027844273783558e-07,0.0,0.25360342860221863
123,2.0,0.6931471824645996,0.4728131890296936,-0.220333993434906,0.0,1.2464929819107056,0.0,0.0,1.0,1.3138628673914354e-06,0.0,0.25017988681793213
124,2.0,0.6931471824645996,0.47120675444602966,-0.22194042801856995,0.0,1.2484970092773438,0.0,0.0,1.0,7.351940212174668e-08,0.0,0.24683628976345062
125,2.0,0.6931471824645996,0.46960288286209106,-0.22354429960250854,0.0,1.250501036643982,0.0,0.0,1.0,2.5281187845394015e-06,0.0,0.24350394308567047
126,2.0,0.6931471824645996,0.4680016040802002,-0.2251455932855606,0.0,1.2525050640106201,0.0,0.0,1.0,-8.063418022175028e-08,0.0,0.24021737277507782
127,2.0,0.6931471824645996,0.46640294790267944,-0.22674423456192017,0.0,1.2545089721679688,0.0,0.0,1.0,-6.166143151631331e-08,0.0,0.2369765043258667
128,2.0,0.6931471824645996,0.46480676531791687,-0.22834041714668274,0.0,1.256512999534607,0.0,0.0,1.0,1.4419289300349192e-06,0.0,0.23378190398216248
129,2.0,0.6931471824645996,0.46321311593055725,-0.22993406653404236,0.0,1.2585170269012451,0.0,0.0,1.0,-5.276795604913787e-07,0.0,0.23061884939670563
130,2.0,0.6931471824645996,0.4616219997406006,-0.23152516782283783,0.0,1.2605210542678833,0.0,0.0,1.0,9.249215082718365e-08,0.0,0.22749535739421844
131,2.0,0.6931471824645996,0.4600334167480469,-0.23311375081539154,0.0,1.2625250816345215,0.0,0.0,1.0,8.774896400609578e-07,0.0,0.22441896796226501
132,2.0,0.6931471824645996,0.4584474563598633,-0.23469971120357513,0.0,1.2645289897918701,0.0,0.0,1.0,-2.3360196621524665e-07,0.0,0.22137247025966644
133,2.0,0.6931471824645996,0.4568638205528259,-0.2362833470106125,0.0,1.2665331363677979,0.0,0.0,1.0,-9.367794717718425e-08,0.0,0.218367800116539
134,2.0,0.6931471824645996,0.45528286695480347,-0.23786430060863495,0.0,1.2685370445251465,0.0,0.0,1.0,2.2245546915655723e-06,0.0,0.21538719534873962
135,2.0,0.6931471824645996,0.4537043273448944,-0.2394428551197052,0.0,1.2705410718917847,0.0,0.0,1.0,-4.695755251304945e-07,0.0,0.21242283284664154
136,2.0,0.6931471824645996,0.4521282911300659,-0.24101890623569489,0.0,1.2725450992584229,0.0,0.0,1.0,-7.707679117174848e-08,0.0,0.20951393246650696
137,2.0,0.6931471824645996,0.4505546987056732,-0.2425924837589264,0.0,1.274549126625061,0.0,0.0,1.0,-1.2522014003479853e-06,0.0,0.20663371682167053
138,2.0,0.6931471824645996,0.4489835798740387,-0.2441636025905609,0.0,1.2765531539916992,0.0,0.0,1.0,1.1988405503871036e-06,0.0,0.20377901196479797
139,2.0,0.6931471824645996,0.4474150538444519,-0.2457321435213089,0.0,1.2785570621490479,0.0,0.0,1.0,1.559322754474124e-06,0.0,0.20096205174922943
140,2.0,0.6931471824645996,0.44584885239601135,-0.24729833006858826,0.0,1.280561089515686,0.0,0.0,1.0,5.454665341630971e-08,0.0,0.19819696247577667
141,2.0,0.6931471824645996,0.4442850947380066,-0.24886207282543182,0.0,1.2825651168823242,0.0,0.0,1.0,4.5060279063591224e-08,0.0,0.19541391730308533
142,2.0,0.6931471824645996,0.44272381067276,-0.2504233717918396,0.0,1.2845691442489624,0.0,0.0,1.0,3.4103516100003617e-06,0.0,0.1926809698343277
143,2.0,0.6931471824645996,0.44116494059562683,-0.2519822418689728,0.0,1.2865731716156006,0.0,0.0,1.0,1.526120513517526e-06,0.0,0.1899670511484146
144,2.0,0.6931471824645996,0.43960851430892944,-0.25353866815567017,0.0,1.2885771989822388,0.0,0.0,1.0,2.3715935881796213e-08,0.0,0.1873205304145813
145,2.0,0.6931471824645996,0.43805450201034546,-0.25509268045425415,0.0,1.290581226348877,0.0,0.0,1.0,1.651814955039299e-06,0.0,0.18466703593730927
146,2.0,0.6931471824645996,0.43650299310684204,-0.25664418935775757,0.0,1.2925851345062256,0.0,0.0,1.0,1.8486572344045271e-06,0.0,0.18204455077648163
147,2.0,0.6931471824645996,0.4349537789821625,-0.25819340348243713,0.0,1.2945891618728638,0.0,0.0,1.0,9.960692892718725e-08,0.0,0.17944054305553436
148,2.0,0.6931471824645996,0.4334069788455963,-0.2597402036190033,0.0,1.296593189239502,0.0,0.0,1.0,-2.3004457716524485e-07,0.0,0.17687518894672394
149,2.0,0.6931471824645996,0.43186256289482117,-0.26128461956977844,0.0,1.2985972166061401,0.0,0.0,1.0,-3.675970106087334e-08,0.0,0.17432260513305664
150,2.0,0.6931471824645996,0.43032053112983704,-0.2628266513347626,0.0,1.3006012439727783,0.0,0.0,1.0,-1.6138694718392799e-06,0.0,0.17181318998336792
151,2.0,0.6931471824645996,0.4287809729576111,-0.2643662095069885,0.0,1.302605152130127,0.0,0.0,1.0,-1.2474582717914018e-06,0.0,0.16931243240833282
152,2.0,0.6931471824645996,0.4272436797618866,-0.265903502702713,0.0,1.3046091794967651,0.0,0.0,1.0,-8.063418022175028e-08,0.0,0.1668376624584198
153,2.0,0.6931471824645996,0.42570874094963074,-0.26743844151496887,0.0,1.3066132068634033,0.0,0.0,1.0,-1.4193986999089248e-06,0.0,0.16438528895378113
154,2.0,0.6931471824645996,0.4241761565208435,-0.2689710259437561,0.0,1.3086172342300415,0.0,0.0,1.0,1.3861964589523268e-06,0.0,0.16195759177207947
155,2.0,0.6931471824645996,0.4226459264755249,-0.2705012559890747,0.0,1.3106212615966797,0.0,0.0,1.0,-6.936911063348816e-07,0.0,0.1595308631658554
156,2.0,0.6931471824645996,0.42111802101135254,-0.27202916145324707,0.0,1.3126252889633179,0.0,0.0,1.0,-1.0316431797718906e-07,0.0,0.15715500712394714
157,2.0,0.6931471824645996,0.4195924401283264,-0.2735547423362732,0.0,1.314629316329956,0.0,0.0,1.0,3.1423616064785165e-07,0.0,0.15480774641036987
158,2.0,0.6931471824645996,0.4180693030357361,-0.2750778794288635,0.0,1.3166332244873047,0.0,0.0,1.0,2.1937241001523944e-07,0.0,0.15244236588478088
159,2.0,0.6931471824645996,0.41654837131500244,-0.27659881114959717,0.0,1.3186372518539429,0.0,0.0,1.0,2.4427413336525206e-07,0.0,0.15012703835964203
160,2.0,0.6931471824645996,0.41502973437309265,-0.27811744809150696,0.0,1.320641279220581,0.0,0.0,1.0,-1.885416907043691e-07,0.0,0.14781400561332703
161,2.0,0.6931471824645996,0.4135134220123291,-0.2796337604522705,0.0,1.3226453065872192,0.0,0.0,1.0,-9.000197565001145e-07,0.0,0.14552441239356995
162,2.0,0.6931471824645996,0.4119994044303894,-0.2811477780342102,0.0,1.3246493339538574,0.0,0.0,1.0,-2.3941236122482223e-06,0.0,0.14327704906463623
163,2.0,0.6931471824645996,0.4104877710342407,-0.2826594114303589,0.0,1.326653242111206,0.0,0.0,1.0,-1.1537803175087902e-06,0.0,0.14101852476596832
164,2.0,0.6931471824645996,0.4089782238006592,-0.28416895866394043,0.0,1.3286573886871338,0.0,0.0,1.0,1.1265069588262122e-07,0.0,0.13878746330738068
165,2.0,0.6931471824645996,0.4074711501598358,-0.2856760323047638,0.0,1.3306612968444824,0.0,0.0,1.0,1.0150420166610274e-06,0.0,0.13656778633594513
166,2.0,0.6931471824645996,0.40596625208854675,-0.28718093037605286,0.0,1.3326653242111206,0.0,0.0,1.0,-3.806407562478853e-07,0.0,0.1343613862991333
167,2.0,0.6931471824645996,0.40446358919143677,-0.28868359327316284,0.0,1.3346693515777588,0.0,0.0,1.0,-9.521947959001409e-07,0.0,0.13220492005348206
168,2.0,0.6931471824645996,0.40296322107315063,-0.290183961391449,0.0,1.336673378944397,0.0,0.0,1.0,1.5356068843175308e-06,0.0,0.1300397664308548
169,2.0,0.6931471824645996,0.4014650583267212,-0.2916821241378784,0.0,1.3386774063110352,0.0,0.0,1.0,-9.284788689001289e-07,0.0,0.12789703905582428
170,2.0,0.6931471824645996,0.3999692499637604,-0.29317793250083923,0.0,1.3406813144683838,0.0,0.0,1.0,-2.3407628759741783e-06,0.0,0.1257597655057907
171,2.0,0.6931471824645996,0.3984755873680115,-0.29467159509658813,0.0,1.342685341835022,0.0,0.0,1.0,-1.0280857623001793e-06,0.0,0.12364356964826584
172,2.0,0.6931471824645996,0.39698415994644165,-0.29616302251815796,0.0,1.3446893692016602,0.0,0.0,1.0,2.0514283960437751e-07,0.0,0.12154697626829147
173,2.0,0.6931471824645996,0.3954949378967285,-0.2976522445678711,0.0,1.3466933965682983,0.0,0.0,1.0,1.932848761043715e-07,0.0,0.11945492774248123
174,2.0,0.6931471824645996,0.39400792121887207,-0.29913926124572754,0.0,1.3486974239349365,0.0,0.0,1.0,2.1462922461523704e-07,0.0,0.11737832427024841
175,2.0,0.6931471824645996,0.3925231397151947,-0.3006240427494049,0.0,1.3507014513015747,0.0,0.0,1.0,3.083071575815666e-08,0.0,0.11534717679023743
176,2.0,0.6931471824645996,0.39104053378105164,-0.302106648683548,0.0,1.352705478668213,0.0,0.0,1.0,4.0672830436960794e-07,0.0,0.11330112814903259
177,2.0,0.6931471824645996,0.3895602226257324,-0.3035869598388672,0.0,1.3547093868255615,0.0,0.0,1.0,-6.557456231348624e-07,0.0,0.11127661913633347
178,2.0,0.6931471824645996,0.38808202743530273,-0.3050651550292969,0.0,1.3567134141921997,0.0,0.0,1.0,-1.5533937869349757e-07,0.0,0.1092662587761879
179,2.0,0.6931471824645996,0.38660597801208496,-0.30654120445251465,0.0,1.358717441558838,0.0,0.0,1.0,-1.1751245665436727e-06,0.0,0.10726235806941986
180,2.0,0.6931471824645996,0.3851321339607239,-0.30801504850387573,0.0,1.360721468925476,0.0,0.0,1.0,-8.063418022175028e-08,0.0,0.10527772456407547
181,2.0,0.6931471824645996,0.3836604356765747,-0.3094867467880249,0.0,1.3627254962921143,0.0,0.0,1.0,1.5415358234349696e-07,0.0,0.10331264138221741
182,2.0,0.6931471824645996,0.382191002368927,-0.3109561800956726,0.0,1.364729404449463,0.0,0.0,1.0,1.9387778138479916e-06,0.0,0.10134702175855637
183,2.0,0.6931471824645996,0.38072365522384644,-0.3124235272407532,0.0,1.366733431816101,0.0,0.0,1.0,-9.711675375001505e-07,0.0,0.09940184652805328
184,2.0,0.6931471824645996,0.3792584240436554,-0.3138887584209442,0.0,1.3687374591827393,0.0,0.0,1.0,1.909132834043703e-07,0.0,0.09746556729078293
185,2.0,0.6931471824645996,0.37779536843299866,-0.31535181403160095,0.0,1.3707414865493774,0.0,0.0,1.0,-1.3518084074348735e-07,0.0,0.09554436802864075
186,2.0,0.6931471824645996,0.37633442878723145,-0.31681275367736816,0.0,1.3727455139160156,0.0,0.0,1.0,-2.2530139531795612e-08,0.0,0.09361530095338821
187,2.0,0.6931471824645996,0.37487560510635376,-0.31827157735824585,0.0,1.3747495412826538,0.0,0.0,1.0,-2.015854505543757e-08,0.0,0.09173557907342911
188,2.0,0.6931471824645996,0.373418927192688,-0.3197282552719116,0.0,1.376753568649292,0.0,0.0,1.0,-2.2221831841306994e-06,0.0,0.08983466774225235
189,2.0,0.6931471824645996,0.3719644546508789,-0.3211827278137207,0.0,1.3787574768066406,0.0,0.0,1.0,-1.3043764290898707e-08,0.0,0.08795108646154404
190,2.0,0.6931471824645996,0.3705120086669922,-0.3226351737976074,0.0,1.3807615041732788,0.0,0.0,1.0,1.4039834468349e-06,0.0,0.08606848120689392
191,2.0,0.6931471824645996,0.369061678647995,-0.3240855038166046,0.0,1.382765531539917,0.0,0.0,1.0,2.401238589300192e-06,0.0,0.08422626554965973
192,2.0,0.6931471824645996,0.36761343479156494,-0.32553374767303467,0.0,1.3847695589065552,0.0,0.0,1.0,1.4193986999089248e-06,0.0,0.08238121122121811
193,2.0,0.6931471824645996,0.3661673069000244,-0.3269798755645752,0.0,1.3867735862731934,0.0,0.0,1.0,-3.320230845815786e-08,0.0,0.08052366226911545
194,2.0,0.6931471824645996,0.3647233247756958,-0.3284238576889038,0.0,1.388777494430542,0.0,0.0,1.0,1.8296844928045175e-06,0.0,0.0787239596247673
195,2.0,0.6931471824645996,0.36328125,-0.3298659324645996,0.0,1.3907816410064697,0.0,0.0,1.0,-4.1977205000875983e-07,0.0,0.07688966393470764
196,2.0,0.6931471824645996,0.36184144020080566,-0.33130574226379395,0.0,1.3927855491638184,0.0,0.0,1.0,-3.438810836087214e-08,0.0,0.07508952170610428
197,2.0,0.6931471824645996,0.3604036271572113,-0.3327435553073883,0.0,1.3947895765304565,0.0,0.0,1.0,-4.1740045730875863e-07,0.0,0.07328641414642334
198,2.0,0.6931471824645996,0.3589678406715393,-0.3341793417930603,0.0,1.3967936038970947,0.0,0.0,1.0,-1.5771097139349877e-07,0.0,0.0714900940656662
199,2.0,0.6931471824645996,0.35753414034843445,-0.33561304211616516,0.0,1.398797631263733,0.0,0.0,1.0,-2.498473804735113e-06,0.0,0.06970486044883728
200,2.0,0.6931471824645996,0.35610249638557434,-0.33704468607902527,0.0,1.400801658630371,0.0,0.0,1.0,-3.320230845815786e-08,0.0,0.06793186068534851
201,2.0,0.6931471824645996,0.35467296838760376,-0.33847421407699585,0.0,1.4028055667877197,0.0,0.0,1.0,-9.960692892718725e-08,0.0,0.06616634875535965
202,2.0,0.6931471824645996,0.35324540734291077,-0.33990177512168884,0.0,1.404809594154358,0.0,0.0,1.0,-2.285030404891586e-06,0.0,0.06442620605230331
203,2.0,0.6931471824645996,0.35181987285614014,-0.3413273096084595,0.0,1.406813621520996,0.0,0.0,1.0,-1.0672171413261822e-07,0.0,0.06266169250011444
204,2.0,0.6931471824645996,0.35039636492729187,-0.34275081753730774,0.0,1.4088176488876343,0.0,0.0,1.0,1.8771163468045415e-06,0.0,0.06092667579650879
205,2.0,0.6931471824645996,0.34897491335868835,-0.34417226910591125,0.0,1.4108216762542725,0.0,0.0,1.0,4.2143219616264105e-06,0.0,0.059184908866882324
206,2.0,0.6931471824645996,0.3475555181503296,-0.34559166431427,0.0,1.412825584411621,0.0,0.0,1.0,1.9174333374394337e-06,0.0,0.05745357275009155
207,2.0,0.6931471824645996,0.34613800048828125,-0.34700918197631836,0.0,1.4148297309875488,0.0,0.0,1.0,-4.3755900946962356e-07,0.0,0.05575405806303024
208,2.0,0.6931471824645996,0.3447226285934448,-0.3484245538711548,0.0,1.4168336391448975,0.0,0.0,1.0,1.739563913361053e-06,0.0,0.054019201546907425
209,2.0,0.6931471824645996,0.3433091938495636,-0.349837988615036,0.0,1.4188376665115356,0.0,0.0,1.0,1.482246034356649e-06,0.0,0.052335482090711594
210,2.0,0.6931471824645996,0.34189775586128235,-0.35124942660331726,0.0,1.4208416938781738,0.0,0.0,1.0,-1.920990797543709e-07,0.0,0.050629157572984695
211,2.0,0.6931471824645996,0.3404882848262787,-0.3526588976383209,0.0,1.422845721244812,0.0,0.0,1.0,4.6246075413591825e-08,0.0,0.04894959554076195
212,2.0,0.6931471824645996,0.339080810546875,-0.3540663719177246,0.0,1.4248497486114502,0.0,0.0,1.0,4.2143219616264105e-06,0.0,0.047258250415325165
213,2.0,0.6931471824645996,0.33767539262771606,-0.35547178983688354,0.0,1.4268536567687988,0.0,0.0,1.0,-5.454665483739518e-07,0.0,0.04556695371866226
214,2.0,0.6931471824645996,0.33627188205718994,-0.35687530040740967,0.0,1.428857684135437,0.0,0.0,1.0,-1.318605995948019e-06,0.0,0.04391353577375412
215,2.0,0.6931471824645996,0.3348703384399414,-0.3582768440246582,0.0,1.4308617115020752,0.0,0.0,1.0,-1.3280923383263143e-07,0.0,0.04224815592169762
216,2.0,0.6931471824645996,0.33347073197364807,-0.35967645049095154,0.0,1.4328657388687134,0.0,0.0,1.0,-1.541535787907833e-08,0.0,0.04057583957910538
217,2.0,0.6931471824645996,0.3320730924606323,-0.3610740900039673,0.0,1.4348697662353516,0.0,0.0,1.0,-2.681086471056915e-06,0.0,0.03892570361495018
218,2.0,0.6931471824645996,0.33067741990089417,-0.36246976256370544,0.0,1.4368737936019897,0.0,0.0,1.0,9.55752170739288e-07,0.0,0.03727526590228081
219,2.0,0.6931471824645996,0.3292836546897888,-0.3638635277748108,0.0,1.438877820968628,0.0,0.0,1.0,-2.751048668869771e-07,0.0,0.03563210368156433
220,2.0,0.6931471824645996,0.3278919458389282,-0.3652552366256714,0.0,1.4408817291259766,0.0,0.0,1.0,-2.6561846766526287e-07,0.0,0.03399210795760155
221,2.0,0.6931471824645996,0.32650208473205566,-0.36664509773254395,0.0,1.4428857564926147,0.0,0.0,1.0,-3.960561230087478e-07,0.0,0.032344475388526917
222,2.0,0.6931471824645996,0.3251141309738159,-0.3680330514907837,0.0,1.444889783859253,0.0,0.0,1.0,-8.893476177718185e-08,0.0,0.030723415315151215
223,2.0,0.6931471824645996,0.32372811436653137,-0.36941906809806824,0.0,1.4468938112258911,0.0,0.0,1.0,-2.4664573174959514e-06,0.0,0.029106197878718376
224,2.0,0.6931471824645996,0.322344034910202,-0.3708031475543976,0.0,1.4488978385925293,0.0,0.0,1.0,-7.197786544566043e-07,0.0,0.02748527005314827
225,2.0,0.6931471824645996,0.32096192240715027,-0.37218526005744934,0.0,1.450901746749878,0.0,0.0,1.0,-1.6601154584350297e-07,0.0,0.02586919069290161
226,2.0,0.6931471824645996,0.31958165764808655,-0.37356552481651306,0.0,1.4529057741165161,0.0,0.0,1.0,-1.4585300789349276e-07,0.0,0.024264201521873474
227,2.0,0.6931471824645996,0.31820327043533325,-0.37494391202926636,0.0,1.4549098014831543,0.0,0.0,1.0,6.508838396257488e-06,0.0,0.02266734093427658
228,2.0,0.6931471824645996,0.31682679057121277,-0.37632039189338684,0.0,1.4569138288497925,0.0,0.0,1.0,5.691824611631091e-08,0.0,0.021049989387392998
229,2.0,0.6931471824645996,0.3154522180557251,-0.3776949644088745,0.0,1.4589178562164307,0.0,0.0,1.0,-2.5684357751742937e-06,0.0,0.019452644512057304
230,2.0,0.6931471824645996,0.31407952308654785,-0.37906765937805176,0.0,1.4609218835830688,0.0,0.0,1.0,-9.474516105001385e-07,0.0,0.01785311847925186
231,2.0,0.6931471824645996,0.31270870566368103,-0.3804384768009186,0.0,1.462925910949707,0.0,0.0,1.0,-2.0466852674871916e-06,0.0,0.016266580671072006
232,2.0,0.6931471824645996,0.3113398551940918,-0.3818073272705078,0.0,1.4649298191070557,0.0,0.0,1.0,-2.751048668869771e-07,0.0,0.014664397574961185
233,2.0,0.6931471824645996,0.3099727928638458,-0.3831743896007538,0.0,1.4669338464736938,0.0,0.0,1.0,3.1305035008699633e-07,0.0,0.01308726891875267
234,2.0,0.6931471824645996,0.3086075782775879,-0.3845396041870117,0.0,1.468937873840332,0.0,0.0,1.0,2.563692760304548e-06,0.0,0.011503973975777626
235,2.0,0.6931471824645996,0.3072442412376404,-0.38590294122695923,0.0,1.4709419012069702,0.0,0.0,1.0,3.794549741087394e-07,0.0,0.009919218719005585
236,2.0,0.6931471824645996,0.3058827519416809,-0.3872644305229187,0.0,1.4729459285736084,0.0,0.0,1.0,-2.3478776256524725e-07,0.0,0.00835002027451992
237,2.0,0.6931471824645996,0.30452319979667664,-0.388623982667923,0.0,1.474949836730957,0.0,0.0,1.0,7.446803920174716e-07,0.0,0.006786296144127846
238,2.0,0.6931471824645996,0.30316534638404846,-0.38998183608055115,0.0,1.4769539833068848,0.0,0.0,1.0,1.0352006256653112e-06,0.0,0.005215058568865061
239,2.0,0.6931471824645996,0.3018094599246979,-0.39133772253990173,0.0,1.4789578914642334,0.0,0.0,1.0,-9.130635447718305e-08,0.0,0.0036562669556587934
240,2.0,0.6931471824645996,0.30045536160469055,-0.39269182085990906,0.0,1.4809619188308716,0.0,0.0,1.0,-5.810404104522604e-07,0.0,0.002089449902996421
241,2.0,0.6931471824645996,0.2991030812263489,-0.39404410123825073,0.0,1.4829659461975098,0.0,0.0,1.0,2.4095390926959226e-06,0.0,0.0004947144188918173
242,2.0,0.6931471824645996,0.29775261878967285,-0.39539456367492676,0.0,1.484969973564148,0.0,0.0,1.0,2.4427413336525206e-07,0.0,-0.0010447343811392784
243,2.0,0.6931471824645996,0.29640400409698486,-0.39674317836761475,0.0,1.4869740009307861,0.0,0.0,1.0,0.0,0.0,-0.002581498585641384
244,2.0,0.6931471824645996,0.2950572669506073,-0.3980899155139923,0.0,1.4889779090881348,0.0,0.0,1.0,1.0316431797718906e-07,0.0,-0.004169071558862925
245,2.0,0.6931471824645996,0.2937122583389282,-0.3994349241256714,0.0,1.490981936454773,0.0,0.0,1.0,8.419156927175209e-08,0.0,-0.005706746596843004
246,2.0,0.6931471824645996,0.2923690676689148,-0.4007781147956848,0.0,1.4929859638214111,0.0,0.0,1.0,2.1937241001523944e-07,0.0,-0.007272055372595787
247,2.0,0.6931471824645996,0.29102766513824463,-0.402119517326355,0.0,1.4949899911880493,0.0,0.0,1.0,7.826258752174908e-08,0.0,-0.008820193819701672
248,2.0,0.6931471824645996,0.2896880805492401,-0.4034591019153595,0.0,1.4969940185546875,0.0,0.0,1.0,-3.758975708478829e-07,0.0,-0.010383348912000656
249,2.0,0.6931471824645996,0.28835025429725647,-0.40479692816734314,0.0,1.4989980459213257,0.0,0.0,1.0,1.766837272043631e-07,0.0,-0.011923585087060928
250,2.0,0.6931471824645996,0.2870142459869385,-0.40613293647766113,0.0,1.5010020732879639,0.0,0.0,1.0,2.1605217170872493e-06,0.0,-0.01347668468952179
251,2.0,0.6931471824645996,0.2856800854206085,-0.4074670970439911,0.0,1.5030059814453125,0.0,0.0,1.0,-2.7818791750178207e-06,0.0,-0.015023021027445793
252,2.0,0.6931471824645996,0.28434762358665466,-0.40879955887794495,0.0,1.5050100088119507,0.0,0.0,1.0,-1.7858100136436406e-06,0.0,-0.016548041254281998
253,2.0,0.6931471824645996,0.28301694989204407,-0.41013023257255554,0.0,1.5070140361785889,0.0,0.0,1.0,-3.035639792869915e-07,0.0,-0.018101444467902184
254,2.0,0.6931471824645996,0.28168803453445435,-0.41145914793014526,0.0,1.509018063545227,0.0,0.0,1.0,-4.455038379092002e-06,0.0,-0.019646422937512398
255,2.0,0.6931471824645996,0.2803608775138855,-0.4127863049507141,0.0,1.5110220909118652,0.0,0.0,1.0,-3.675970106087334e-08,0.0,-0.02119826152920723
256,2.0,0.6931471824645996,0.2790355682373047,-0.4141116142272949,0.0,1.5130259990692139,0.0,0.0,1.0,3.675970106087334e-08,0.0,-0.02273550070822239
257,2.0,0.6931471824645996,0.2777118384838104,-0.4154353439807892,0.0,1.5150301456451416,0.0,0.0,1.0,3.754232693609083e-06,0.0,-0.024284321814775467
258,2.0,0.6931471824645996,0.27639004588127136,-0.41675713658332825,0.0,1.5170340538024902,0.0,0.0,1.0,1.9043895918002818e-06,0.0,-0.025837013497948647
259,2.0,0.6931471824645996,0.2750698924064636,-0.418077290058136,0.0,1.5190380811691284,0.0,0.0,1.0,-5.573244976631031e-08,0.0,-0.02734576351940632
260,2.0,0.6931471824645996,0.27375149726867676,-0.41939568519592285,0.0,1.5210421085357666,0.0,0.0,1.0,2.1344342826523643e-07,0.0,-0.02891574054956436
261,2.0,0.6931471824645996,0.27243489027023315,-0.42071229219436646,0.0,1.5230460166931152,0.0,0.0,1.0,-3.2727990628700354e-07,0.0,-0.030438682064414024
262,2.0,0.6931471824645996,0.2711198925971985,-0.4220272898674011,0.0,1.525050163269043,0.0,0.0,1.0,4.3044423136961996e-07,0.0,-0.032002463936805725
263,2.0,0.6931471824645996,0.26980674266815186,-0.42334043979644775,0.0,1.5270540714263916,0.0,0.0,1.0,-2.611124500617734e-06,0.0,-0.03354480490088463
264,2.0,0.6931471824645996,0.26849526166915894,-0.4246519207954407,0.0,1.5290580987930298,0.0,0.0,1.0,-1.4822460059349396e-07,0.0,-0.03509706258773804
265,2.0,0.6931471824645996,0.2671854794025421,-0.4259617030620575,0.0,1.531062126159668,0.0,0.0,1.0,2.0217835299263243e-06,0.0,-0.03662523999810219
266,2.0,0.6931471824645996,0.2658774256706238,-0.42726975679397583,0.0,1.5330661535263062,0.0,0.0,1.0,-1.897274870543697e-08,0.0,-0.03819325193762779
267,2.0,0.6931471824645996,0.26457107067108154,-0.42857611179351807,0.0,1.5350701808929443,0.0,0.0,1.0,1.5652517504349817e-07,0.0,-0.03973862901329994
268,2.0,0.6931471824645996,0.26326650381088257,-0.42988067865371704,0.0,1.537074089050293,0.0,0.0,1.0,-2.822196449869807e-07,0.0,-0.04129476472735405
269,2.0,0.6931471824645996,0.26196348667144775,-0.43118369579315186,0.0,1.5390782356262207,0.0,0.0,1.0,-1.318605995948019e-06,0.0,-0.042817290872335434
270,2.0,0.6931471824645996,0.260662317276001,-0.43248486518859863,0.0,1.5410821437835693,0.0,0.0,1.0,2.1581502096523764e-07,0.0,-0.044401440769433975
271,2.0,0.6931471824645996,0.25936275720596313,-0.4337844252586365,0.0,1.5430861711502075,0.0,0.0,1.0,-2.1344341405438172e-08,0.0,-0.04594928398728371
272,2.0,0.6931471824645996,0.2580648958683014,-0.4350822865962982,0.0,1.5450901985168457,0.0,0.0,1.0,-1.0375721331001841e-06,0.0,-0.04749797284603119
273,2.0,0.6931471824645996,0.2567687928676605,-0.4363783895969391,0.0,1.5470941066741943,0.0,0.0,1.0,-1.861700980043679e-07,0.0,-0.04907001554965973
274,2.0,0.6931471824645996,0.25547417998313904,-0.43767300248146057,0.0,1.549098253250122,0.0,0.0,1.0,8.300577114539465e-09,0.0,-0.05063671991229057
275,2.0,0.6931471824645996,0.254181444644928,-0.43896573781967163,0.0,1.5511021614074707,0.0,0.0,1.0,3.320230845815786e-08,0.0,-0.05217638611793518
276,2.0,0.6931471824645996,0.2528901994228363,-0.4402569830417633,0.0,1.5531063079833984,0.0,0.0,1.0,1.5059619329349516e-07,0.0,-0.05374600365757942
277,2.0,0.6931471824645996,0.2516007721424103,-0.44154641032218933,0.0,1.555110216140747,0.0,0.0,1.0,-1.2628735248654266e-06,0.0,-0.05530456453561783
278,2.0,0.6931471824645996,0.2503129243850708,-0.4428342580795288,0.0,1.5571142435073853,0.0,0.0,1.0,-3.888227638526587e-06,0.0,-0.05689425393939018
279,2.0,0.6931471824645996,0.24902674555778503,-0.4441204369068146,0.0,1.5591182708740234,0.0,0.0,1.0,-1.7170337969218963e-06,0.0,-0.05848198011517525
280,2.0,0.6931471824645996,0.24774226546287537,-0.44540491700172424,0.0,1.561122179031372,0.0,0.0,1.0,-2.069215497613186e-06,0.0,-0.06002816557884216
281,2.0,0.6931471824645996,0.24645930528640747,-0.44668787717819214,0.0,1.5631263256072998,0.0,0.0,1.0,-4.909198878522147e-07,0.0,-0.06162551790475845
282,2.0,0.6931471824645996,0.24517813324928284,-0.4479690492153168,0.0,1.5651302337646484,0.0,0.0,1.0,1.861700980043679e-07,0.0,-0.06319943070411682
283,2.0,0.6931471824645996,0.24389854073524475,-0.44924864172935486,0.0,1.5671342611312866,0.0,0.0,1.0,-2.620610928261158e-07,0.0,-0.0647779181599617
284,2.0,0.6931471824645996,0.242620587348938,-0.4505265951156616,0.0,1.5691382884979248,0.0,0.0,1.0,-2.4095390926959226e-06,0.0,-0.06636884063482285
285,2.0,0.6931471824645996,0.24134424328804016,-0.45180293917655945,0.0,1.571142315864563,0.0,0.0,1.0,1.2996332543480094e-06,0.0,-0.06795359402894974
286,2.0,0.6931471824645996,0.24006953835487366,-0.45307764410972595,0.0,1.5731463432312012,0.0,0.0,1.0,8.608884627392399e-07,0.0,-0.06956414133310318
287,2.0,0.6931471824645996,0.23879650235176086,-0.45435068011283875,0.0,1.5751502513885498,0.0,0.0,1.0,3.841981651930837e-06,0.0,-0.07116016745567322
288,2.0,0.6931471824645996,0.23752498626708984,-0.45562219619750977,0.0,1.5771543979644775,0.0,0.0,1.0,1.8723731045611203e-06,0.0,-0.07275094091892242
289,2.0,0.6931471824645996,0.2362551987171173,-0.4568919837474823,0.0,1.5791583061218262,0.0,0.0,1.0,2.691758709261194e-07,0.0,-0.07438243925571442
290,2.0,0.6931471824645996,0.23498696088790894,-0.4581602215766907,0.0,1.5811623334884644,0.0,0.0,1.0,2.3715935526524845e-07,0.0,-0.07599806040525436
291,2.0,0.6931471824645996,0.2337203025817871,-0.4594268798828125,0.0,1.5831663608551025,0.0,0.0,1.0,-8.419156927175209e-08,0.0,-0.07763668894767761
292,2.0,0.6931471824645996,0.23245534300804138,-0.4606918394565582,0.0,1.5851702690124512,0.0,0.0,1.0,-8.063418022175028e-08,0.0,-0.07923814654350281
293,2.0,0.6931471824645996,0.23119184374809265,-0.46195533871650696,0.0,1.587174415588379,0.0,0.0,1.0,4.696941232396057e-06,0.0,-0.0808565691113472
294,2.0,0.6931471824645996,0.2299300730228424,-0.4632171094417572,0.0,1.5891783237457275,0.0,0.0,1.0,1.4454863048740663e-06,0.0,-0.08249089866876602
295,2.0,0.6931471824645996,0.22866982221603394,-0.4644773602485657,0.0,1.5911823511123657,0.0,0.0,1.0,-4.267682470526779e-06,0.0,-0.08413857966661453
296,2.0,0.6931471824645996,0.227411150932312,-0.4657360315322876,0.0,1.593186378479004,0.0,0.0,1.0,1.9209908259654185e-06,0.0,-0.08578143268823624
297,2.0,0.6931471824645996,0.22615408897399902,-0.4669930934906006,0.0,1.595190405845642,0.0,0.0,1.0,2.142734729204676e-06,0.0,-0.08742009103298187
298,2.0,0.6931471824645996,0.2248985767364502,-0.4682486057281494,0.0,1.5971944332122803,0.0,0.0,1.0,-3.794549741087394e-08,0.0,-0.08908593654632568
299,2.0,0.6931471824645996,0.2236447036266327,-0.4695024788379669,0.0,1.599198341369629,0.0,0.0,1.0,4.873624561696488e-07,0.0,-0.0907382145524025
300,2.0,0.6931471824645996,0.22239229083061218,-0.4707548916339874,0.0,1.6012024879455566,0.0,0.0,1.0,-2.8826718789787265e-06,0.0,-0.09240970015525818
301,2.0,0.6931471824645996,0.22114154696464539,-0.4720056354999542,0.0,1.6032063961029053,0.0,0.0,1.0,3.533674544087262e-07,0.0,-0.09408768266439438
302,2.0,0.6931471824645996,0.21989232301712036,-0.47325485944747925,0.0,1.6052104234695435,0.0,0.0,1.0,-7.114780942174548e-08,0.0,-0.09576506912708282
303,2.0,0.6931471824645996,0.2186446487903595,-0.4745025336742401,0.0,1.6072144508361816,0.0,0.0,1.0,-4.7431871763592426e-08,0.0,-0.09744255989789963
304,2.0,0.6931471824645996,0.21739861369132996,-0.47574856877326965,0.0,1.6092183589935303,0.0,0.0,1.0,-3.00006576026135e-07,0.0,-0.09914068132638931
305,2.0,0.6931471824645996,0.21615397930145264,-0.476993203163147,0.0,1.611222505569458,0.0,0.0,1.0,-7.707679117174848e-08,0.0,-0.10085553675889969
306,2.0,0.6931471824645996,0.21491101384162903,-0.4782361686229706,0.0,1.6132264137268066,0.0,0.0,1.0,-1.1265069588262122e-07,0.0,-0.1025632992386818
307,2.0,0.6931471824645996,0.2136695384979248,-0.4794776439666748,0.0,1.6152304410934448,0.0,0.0,1.0,1.0553591067719026e-07,0.0,-0.1042722687125206
308,2.0,0.6931471824645996,0.21242961287498474,-0.48071756958961487,0.0,1.617234468460083,0.0,0.0,1.0,1.376710088152322e-06,0.0,-0.1059914380311966
309,2.0,0.6931471824645996,0.21119120717048645,-0.48195597529411316,0.0,1.6192384958267212,0.0,0.0,1.0,1.8557719840828213e-06,0.0,-0.10772806406021118
310,2.0,0.6931471824645996,0.20995435118675232,-0.4831928312778473,0.0,1.6212425231933594,0.0,0.0,1.0,-4.873624561696488e-07,0.0,-0.10946563631296158
311,2.0,0.6931471824645996,0.20871907472610474,-0.4844281077384949,0.0,1.623246431350708,0.0,0.0,1.0,5.508025878953049e-06,0.0,-0.1112312451004982
312,2.0,0.6931471824645996,0.207485169172287,-0.4856620132923126,0.0,1.6252505779266357,0.0,0.0,1.0,3.2965149898700474e-07,0.0,-0.1129644438624382
313,2.0,0.6931471824645996,0.20625296235084534,-0.4868942201137543,0.0,1.6272544860839844,0.0,0.0,1.0,-6.284722786631392e-08,0.0,-0.1147327572107315
314,2.0,0.6931471824645996,0.2050221562385559,-0.4881250262260437,0.0,1.6292585134506226,0.0,0.0,1.0,3.920244125765748e-06,0.0,-0.11651860177516937
315,2.0,0.6931471824645996,0.20379289984703064,-0.48935428261756897,0.0,1.6312625408172607,0.0,0.0,1.0,-1.1857967940898106e-08,0.0,-0.11828970909118652
316,2.0,0.6931471824645996,0.20256513357162476,-0.49058204889297485,0.0,1.633266568183899,0.0,0.0,1.0,6.996201307174488e-08,0.0,-0.12009088695049286
317,2.0,0.6931471824645996,0.20133888721466064,-0.49180829524993896,0.0,1.635270595550537,0.0,0.0,1.0,3.4257668630743865e-06,0.0,-0.12189632654190063
318,2.0,0.6931471824645996,0.20011422038078308,-0.49303296208381653,0.0,1.6372745037078857,0.0,0.0,1.0,2.2862161586090224e-06,0.0,-0.12370863556861877
319,2.0,0.6931471824645996,0.19889089465141296,-0.49425628781318665,0.0,1.6392786502838135,0.0,0.0,1.0,1.5711807463958394e-06,0.0,-0.12553928792476654
320,2.0,0.6931471824645996,0.19766920804977417,-0.49547797441482544,0.0,1.641282558441162,0.0,0.0,1.0,1.8024111341219395e-06,0.0,-0.12737709283828735
321,2.0,0.6931471824645996,0.1964489221572876,-0.496698260307312,0.0,1.6432865858078003,0.0,0.0,1.0,-1.1134632131870603e-06,0.0,-0.12921901047229767
322,2.0,0.6931471824645996,0.1952301561832428,-0.4979170262813568,0.0,1.6452906131744385,0.0,0.0,1.0,5.098926081359423e-08,0.0,-0.13107456266880035
323,2.0,0.6931471824645996,0.19401291012763977,-0.49913427233695984,0.0,1.647294521331787,0.0,0.0,1.0,2.7214036890654825e-06,0.0,-0.1329321265220642
324,2.0,0.6931471824645996,0.1927970051765442,-0.5003501772880554,0.0,1.6492986679077148,0.0,0.0,1.0,-1.5035902833915316e-06,0.0,-0.13480959832668304
325,2.0,0.6931471824645996,0.19158273935317993,-0.5015644431114197,0.0,1.6513025760650635,0.0,0.0,1.0,6.640461691631572e-08,0.0,-0.13669732213020325
326,2.0,0.6931471824645996,0.19036990404129028,-0.5027772784233093,0.0,1.6533066034317017,0.0,0.0,1.0,1.8866027176045463e-06,0.0,-0.1386176347732544
327,2.0,0.6931471824645996,0.18915849924087524,-0.5039886832237244,0.0,1.6553106307983398,0.0,0.0,1.0,5.928983970449053e-09,0.0,-0.14053091406822205
328,2.0,0.6931471824645996,0.1879485845565796,-0.50519859790802,0.0,1.657314658164978,0.0,0.0,1.0,-3.4506686574786727e-07,0.0,-0.14243480563163757
329,2.0,0.6931471824645996,0.18674010038375854,-0.5064070820808411,0.0,1.6593186855316162,0.0,0.0,1.0,-1.1134632131870603e-06,0.0,-0.14440354704856873
330,2.0,0.6931471824645996,0.18553316593170166,-0.507614016532898,0.0,1.6613225936889648,0.0,0.0,1.0,3.4743845844786847e-07,0.0,-0.1463393270969391
331,2.0,0.6931471824645996,0.18432754278182983,-0.5088196396827698,0.0,1.6633267402648926,0.0,0.0,1.0,-6.521882056631512e-08,0.0,-0.1483127325773239
332,2.0,0.6931471824645996,0.18312346935272217,-0.5100237131118774,0.0,1.6653306484222412,0.0,0.0,1.0,-2.238784418295836e-06,0.0,-0.15029682219028473
333,2.0,0.6931471824645996,0.1819208264350891,-0.5112263560295105,0.0,1.6673346757888794,0.0,0.0,1.0,2.0929312540829415e-06,0.0,-0.15227359533309937
334,2.0,0.6931471824645996,0.18071961402893066,-0.512427568435669,0.0,1.6693387031555176,0.0,0.0,1.0,-2.027712469043763e-07,0.0,-0.1542922556400299
335,2.0,0.6931471824645996,0.1795198917388916,-0.513627290725708,0.0,1.6713426113128662,0.0,0.0,1.0,2.516260792617686e-06,0.0,-0.15629824995994568
336,2.0,0.6931471824645996,0.17832154035568237,-0.5148256421089172,0.0,1.673346757888794,0.0,0.0,1.0,-5.928983970449053e-09,0.0,-0.15836350619792938
337,2.0,0.6931471824645996,0.17712467908859253,-0.5160225033760071,0.0,1.6753506660461426,0.0,0.0,1.0,-1.0672170702719086e-08,0.0,-0.16041576862335205
338,2.0,0.6931471824645996,0.17592918872833252,-0.5172179937362671,0.0,1.6773546934127808,0.0,0.0,1.0,-3.661740493043908e-06,0.0,-0.16247901320457458
339,2.0,0.6931471824645996,0.1747351884841919,-0.5184119939804077,0.0,1.679358720779419,0.0,0.0,1.0,-2.739190563261218e-07,0.0,-0.16459278762340546
340,2.0,0.6931471824645996,0.1735425591468811,-0.5196046233177185,0.0,1.6813627481460571,0.0,0.0,1.0,-7.470519847174728e-08,0.0,-0.16667312383651733
341,2.0,0.6931471824645996,0.17235136032104492,-0.5207958221435547,0.0,1.6833667755126953,0.0,0.0,1.0,3.3818923839135095e-06,0.0,-0.16880165040493011
342,2.0,0.6931471824645996,0.17116165161132812,-0.5219855308532715,0.0,1.685370683670044,0.0,0.0,1.0,1.3316497415871709e-06,0.0,-0.17094634473323822
343,2.0,0.6931471824645996,0.1699731945991516,-0.523173987865448,0.0,1.6873748302459717,0.0,0.0,1.0,6.427018774957105e-07,0.0,-0.1731182485818863
344,2.0,0.6931471824645996,0.16878634691238403,-0.5243608355522156,0.0,1.6893787384033203,0.0,0.0,1.0,-8.893476177718185e-08,0.0,-0.17526842653751373
345,2.0,0.6931471824645996,0.1676008105278015,-0.5255463719367981,0.0,1.6913827657699585,0.0,0.0,1.0,2.015854505543757e-08,0.0,-0.17748890817165375
346,2.0,0.6931471824645996,0.16641664505004883,-0.5267305374145508,0.0,1.6933867931365967,0.0,0.0,1.0,9.806539083001553e-07,0.0,-0.17969682812690735
347,2.0,0.6931471824645996,0.16523396968841553,-0.5279132127761841,0.0,1.6953907012939453,0.0,0.0,1.0,1.4122839502306306e-06,0.0,-0.18190965056419373
348,2.0,0.6931471824645996,0.1640525460243225,-0.5290946364402771,0.0,1.697394847869873,0.0,0.0,1.0,-2.573179074261134e-07,0.0,-0.18417389690876007
349,2.0,0.6931471824645996,0.16287267208099365,-0.530274510383606,0.0,1.6993987560272217,0.0,0.0,1.0,1.849843016543673e-07,0.0,-0.18645712733268738
350,2.0,0.6931471824645996,0.16169404983520508,-0.5314531326293945,0.0,1.7014029026031494,0.0,0.0,1.0,7.909264354566403e-07,0.0,-0.18873223662376404
351,2.0,0.6931471824645996,0.1605169177055359,-0.5326302647590637,0.0,1.703406810760498,0.0,0.0,1.0,-2.6158677428611554e-06,0.0,-0.19106031954288483
352,2.0,0.6931471824645996,0.15934115648269653,-0.5338060259819031,0.0,1.7054108381271362,0.0,0.0,1.0,-3.675970106087334e-08,0.0,-0.19342121481895447
353,2.0,0.6931471824645996,0.15816670656204224,-0.5349804759025574,0.0,1.7074148654937744,0.0,0.0,1.0,1.6363995314350177e-07,0.0,-0.1957550197839737
354,2.0,0.6931471824645996,0.15699374675750732,-0.5361534357070923,0.0,1.709418773651123,0.0,0.0,1.0,-2.3526208678958938e-06,0.0,-0.1981344223022461
355,2.0,0.6931471824645996,0.1558220386505127,-0.5373251438140869,0.0,1.7114229202270508,0.0,0.0,1.0,3.9249874816960073e-07,0.0,-0.20056669414043427
356,2.0,0.6931471824645996,0.15465182065963745,-0.5384953618049622,0.0,1.7134268283843994,0.0,0.0,1.0,5.727398502131109e-07,0.0,-0.20297855138778687
357,2.0,0.6931471824645996,0.15348291397094727,-0.5396642684936523,0.0,1.7154308557510376,0.0,0.0,1.0,6.344012604131422e-07,0.0,-0.20545384287834167
358,2.0,0.6931471824645996,0.15231537818908691,-0.5408318042755127,0.0,1.7174348831176758,0.0,0.0,1.0,2.06091476684378e-06,0.0,-0.20792940258979797
359,2.0,0.6931471824645996,0.15114915370941162,-0.541998028755188,0.0,1.719438910484314,0.0,0.0,1.0,4.06846857003984e-06,0.0,-0.21044757962226868
360,2.0,0.6931471824645996,0.14998430013656616,-0.5431628823280334,0.0,1.7214429378509521,0.0,0.0,1.0,-1.0695887340261834e-06,0.0,-0.2129562795162201
361,2.0,0.6931471824645996,0.1488209366798401,-0.5443262457847595,0.0,1.7234468460083008,0.0,0.0,1.0,-5.098926081359423e-08,0.0,-0.2155609279870987
362,2.0,0.6931471824645996,0.14765870571136475,-0.5454884767532349,0.0,1.7254509925842285,0.0,0.0,1.0,-1.6008256409349997e-07,0.0,-0.21813374757766724
363,2.0,0.6931471824645996,0.14649802446365356,-0.546649158000946,0.0,1.7274549007415771,0.0,0.0,1.0,2.715474636261206e-07,0.0,-0.2207532376050949
364,2.0,0.6931471824645996,0.14533859491348267,-0.5478085875511169,0.0,1.7294589281082153,0.0,0.0,1.0,5.691824611631091e-08,0.0,-0.2234051376581192
365,2.0,0.6931471824645996,0.14418047666549683,-0.5489667057991028,0.0,1.7314629554748535,0.0,0.0,1.0,2.35380662161333e-06,0.0,-0.2260751575231552
366,2.0,0.6931471824645996,0.1430237889289856,-0.550123393535614,0.0,1.7334668636322021,0.0,0.0,1.0,3.9012715546959953e-07,0.0,-0.22878964245319366
367,2.0,0.6931471824645996,0.14186835289001465,-0.551278829574585,0.0,1.7354710102081299,0.0,0.0,1.0,4.3874482713590623e-08,0.0,-0.23153306543827057
368,2.0,0.6931471824645996,0.1407143473625183,-0.5524328351020813,0.0,1.7374749183654785,0.0,0.0,1.0,1.6245415679350117e-07,0.0,-0.23430806398391724
369,2.0,0.6931471824645996,0.13956159353256226,-0.5535855889320374,0.0,1.7394789457321167,0.0,0.0,1.0,-4.163332505413564e-06,0.0,-0.23713213205337524
370,2.0,0.6931471824645996,0.13841015100479126,-0.5547370314598083,0.0,1.7414829730987549,0.0,0.0,1.0,-1.542721633995825e-06,0.0,-0.2399357110261917
371,2.0,0.6931471824645996,0.1372600793838501,-0.5558871030807495,0.0,1.743487000465393,0.0,0.0,1.0,-1.3873822979348915e-07,0.0,-0.24283218383789062
372,2.0,0.6931471824645996,0.13611125946044922,-0.5570359230041504,0.0,1.7454910278320312,0.0,0.0,1.0,2.658556468304596e-06,0.0,-0.24574166536331177
373,2.0,0.6931471824645996,0.13496387004852295,-0.5581833124160767,0.0,1.7474949359893799,0.0,0.0,1.0,-1.0257142548653064e-06,0.0,-0.24868585169315338
374,2.0,0.6931471824645996,0.1338176727294922,-0.5593295097351074,0.0,1.7494990825653076,0.0,0.0,1.0,-2.0122970454394817e-06,0.0,-0.25170692801475525
375,2.0,0.6931471824645996,0.13267290592193604,-0.5604742765426636,0.0,1.7515029907226562,0.0,0.0,1.0,-1.2925184478262963e-07,0.0,-0.2547056972980499
376,2.0,0.6931471824645996,0.13152939081192017,-0.5616177916526794,0.0,1.7535070180892944,0.0,0.0,1.0,3.1423616064785165e-07,0.0,-0.2577630281448364
377,2.0,0.6931471824645996,0.13038718700408936,-0.5627599954605103,0.0,1.7555110454559326,0.0,0.0,1.0,-2.015854505543757e-07,0.0,-0.2608751654624939
378,2.0,0.6931471824645996,0.12924635410308838,-0.5639008283615112,0.0,1.7575149536132812,0.0,0.0,1.0,3.557390471087274e-08,0.0,-0.26402556896209717
379,2.0,0.6931471824645996,0.12810665369033813,-0.5650405287742615,0.0,1.759519100189209,0.0,0.0,1.0,-2.3715935881796213e-09,0.0,-0.2672217786312103
380,2.0,0.6931471824645996,0.1269683837890625,-0.5661787986755371,0.0,1.7615230083465576,0.0,0.0,1.0,4.1977205000875983e-07,0.0,-0.2704574167728424
381,2.0,0.6931471824645996,0.12583136558532715,-0.5673158168792725,0.0,1.7635270357131958,0.0,0.0,1.0,1.837985053043667e-07,0.0,-0.2737373411655426
382,2.0,0.6931471824645996,0.12469565868377686,-0.5684515237808228,0.0,1.765531063079834,0.0,0.0,1.0,2.590966005300288e-06,0.0,-0.2770441174507141
383,2.0,0.6931471824645996,0.12356120347976685,-0.5695859789848328,0.0,1.7675350904464722,0.0,0.0,1.0,2.370407855778467e-06,0.0,-0.2804333567619324
384,2.0,0.6931471824645996,0.1224280595779419,-0.5707191228866577,0.0,1.7695391178131104,0.0,0.0,1.0,1.3280923383263143e-07,0.0,-0.28384560346603394
385,2.0,0.6931471824645996,0.121296226978302,-0.5718509554862976,0.0,1.771543025970459,0.0,0.0,1.0,2.6644854642654536e-06,0.0,-0.28732141852378845
386,2.0,0.6931471824645996,0.12016558647155762,-0.572981595993042,0.0,1.7735471725463867,0.0,0.0,1.0,-1.0909330683261942e-07,0.0,-0.2908594608306885
387,2.0,0.6931471824645996,0.11903631687164307,-0.5741108655929565,0.0,1.7755510807037354,0.0,0.0,1.0,2.126133722413215e-06,0.0,-0.29442301392555237
388,2.0,0.6931471824645996,0.1179082989692688,-0.5752388834953308,0.0,1.7775551080703735,0.0,0.0,1.0,-9.130635447718305e-08,0.0,-0.2980535328388214
389,2.0,0.6931471824645996,0.11678153276443481,-0.5763656497001648,0.0,1.7795591354370117,0.0,0.0,1.0,-1.778695235543637e-08,0.0,-0.30173391103744507
390,2.0,0.6931471824645996,0.11565601825714111,-0.5774911642074585,0.0,1.78156316280365,0.0,0.0,1.0,7.114780764538864e-09,0.0,-0.30550214648246765
391,2.0,0.6931471824645996,0.1145317554473877,-0.5786154270172119,0.0,1.783567190170288,0.0,0.0,1.0,3.7518609588005347e-06,0.0,-0.3092971742153168
392,2.0,0.6931471824645996,0.11340886354446411,-0.5797383189201355,0.0,1.7855710983276367,0.0,0.0,1.0,1.0553591067719026e-07,0.0,-0.31318408250808716
393,2.0,0.6931471824645996,0.11228710412979126,-0.5808600783348083,0.0,1.7875752449035645,0.0,0.0,1.0,3.0273392894741846e-06,0.0,-0.31709545850753784
394,2.0,0.6931471824645996,0.11116671562194824,-0.5819804668426514,0.0,1.789579153060913,0.0,0.0,1.0,1.6363995314350177e-07,0.0,-0.3210891783237457
395,2.0,0.6931471824645996,0.11004751920700073,-0.5830996632575989,0.0,1.7915831804275513,0.0,0.0,1.0,-8.774896542718125e-08,0.0,-0.32515329122543335
396,2.0,0.6931471824645996,0.10892951488494873,-0.5842176675796509,0.0,1.7935872077941895,0.0,0.0,1.0,-5.952699666522676e-07,0.0,-0.3292854130268097
397,2.0,0.6931471824645996,0.10781288146972656,-0.585334300994873,0.0,1.795591115951538,0.0,0.0,1.0,6.640461691631572e-08,0.0,-0.3334956169128418
398,2.0,0.6931471824645996,0.10669738054275513,-0.5864498019218445,0.0,1.7975952625274658,0.0,0.0,1.0,2.32653337661759e-06,0.0,-0.33776259422302246
399,2.0,0.6931471824645996,0.10558325052261353,-0.5875639319419861,0.0,1.7995991706848145,0.0,0.0,1.0,7.944838671392063e-07,0.0,-0.3420989513397217
400,2.0,0.6931471824645996,0.10447025299072266,-0.588676929473877,0.0,1.8016031980514526,0.0,0.0,1.0,1.1680098168653785e-06,0.0,-0.34654688835144043
401,2.0,0.6931471824645996,0.10335850715637207,-0.5897886753082275,0.0,1.8036072254180908,0.0,0.0,1.0,-1.2925184478262963e-07,0.0,-0.35105687379837036
402,2.0,0.6931471824645996,0.10224801301956177,-0.5908991694450378,0.0,1.805611252784729,0.0,0.0,1.0,-1.7431212882002e-06,0.0,-0.3556533455848694
403,2.0,0.6931471824645996,0.10113871097564697,-0.5920084714889526,0.0,1.8076152801513672,0.0,0.0,1.0,-1.8605151126394048e-06,0.0,-0.3603256344795227
404,2.0,0.6931471824645996,0.10003077983856201,-0.5931164026260376,0.0,1.8096191883087158,0.0,0.0,1.0,-2.917060157869855e-07,0.0,-0.3651033043861389
405,2.0,0.6931471824645996,0.09892386198043823,-0.5942233204841614,0.0,1.8116233348846436,0.0,0.0,1.0,1.4585300789349276e-07,0.0,-0.36994317173957825
406,2.0,0.6931471824645996,0.09781831502914429,-0.5953288674354553,0.0,1.8136272430419922,0.0,0.0,1.0,9.960692892718725e-08,0.0,-0.37486645579338074
407,2.0,0.6931471824645996,0.09671396017074585,-0.5964332222938538,0.0,1.8156312704086304,0.0,0.0,1.0,-2.0466852674871916e-06,0.0,-0.3799433410167694
408,2.0,0.6931471824645996,0.09561079740524292,-0.5975363850593567,0.0,1.8176352977752686,0.0,0.0,1.0,-1.4110982249349036e-07,0.0,-0.3850894868373871
409,2.0,0.6931471824645996,0.09450894594192505,-0.5986382365226746,0.0,1.8196392059326172,0.0,0.0,1.0,3.569248292478733e-07,0.0,-0.39035147428512573
410,2.0,0.6931471824645996,0.09340816736221313,-0.5997390151023865,0.0,1.821643352508545,0.0,0.0,1.0,1.2225565342305345e-06,0.0,-0.3957018256187439
411,2.0,0.6931471824645996,0.09230870008468628,-0.6008384823799133,0.0,1.8236472606658936,0.0,0.0,1.0,-2.9218033432698576e-06,0.0,-0.4012102782726288
412,2.0,0.6931471824645996,0.09121036529541016,-0.6019368171691895,0.0,1.8256512880325317,0.0,0.0,1.0,1.861700980043679e-06,0.0,-0.40675631165504456
413,2.0,0.6931471824645996,0.09011328220367432,-0.6030339002609253,0.0,1.82765531539917,0.0,0.0,1.0,-2.3004457716524485e-07,0.0,-0.41250085830688477
414,2.0,0.6931471824645996,0.08901739120483398,-0.6041297912597656,0.0,1.829659342765808,0.0,0.0,1.0,3.62853825208731e-07,0.0,-0.41829583048820496
415,2.0,0.6931471824645996,0.08792269229888916,-0.6052244901657104,0.0,1.8316633701324463,0.0,0.0,1.0,2.8293111427046824e-06,0.0,-0.4242496192455292
416,2.0,0.6931471824645996,0.08682924509048462,-0.606317937374115,0.0,1.833667278289795,0.0,0.0,1.0,-4.968488269696536e-07,0.0,-0.4303528666496277
417,2.0,0.6931471824645996,0.08573687076568604,-0.6074103116989136,0.0,1.8356714248657227,0.0,0.0,1.0,-4.6423942876572255e-06,0.0,-0.43654370307922363
418,2.0,0.6931471824645996,0.08464580774307251,-0.6085013747215271,0.0,1.8376753330230713,0.0,0.0,1.0,-1.5059619329349516e-07,0.0,-0.44292816519737244
419,2.0,0.6931471824645996,0.08355587720870972,-0.6095913052558899,0.0,1.8396793603897095,0.0,0.0,1.0,-6.759042037174368e-08,0.0,-0.4494361877441406
420,2.0,0.6931471824645996,0.08246713876724243,-0.6106800436973572,0.0,1.8416833877563477,0.0,0.0,1.0,-5.573244976631031e-08,0.0,-0.456104576587677
421,2.0,0.6931471824645996,0.08137959241867065,-0.611767590045929,0.0,1.8436874151229858,0.0,0.0,1.0,-1.4585300789349276e-07,0.0,-0.46294865012168884
422,2.0,0.6931471824645996,0.08029323816299438,-0.6128539443016052,0.0,1.845691442489624,0.0,0.0,1.0,2.6253539999743225e-06,0.0,-0.4699200689792633
423,2.0,0.6931471824645996,0.07920807600021362,-0.613939106464386,0.0,1.8476953506469727,0.0,0.0,1.0,-2.6158677428611554e-06,0.0,-0.477090060710907
424,2.0,0.6931471824645996,0.07812398672103882,-0.6150231957435608,0.0,1.8496994972229004,0.0,0.0,1.0,2.525747049730853e-06,0.0,-0.4844458997249603
425,2.0,0.6931471824645996,0.07704120874404907,-0.6161059737205505,0.0,1.851703405380249,0.0,0.0,1.0,1.778695235543637e-07,0.0,-0.4919792413711548
426,2.0,0.6931471824645996,0.07595950365066528,-0.6171876788139343,0.0,1.8537074327468872,0.0,0.0,1.0,-3.836052655969979e-06,0.0,-0.4997204840183258
427,2.0,0.6931471824645996,0.07487905025482178,-0.6182681322097778,0.0,1.8557114601135254,0.0,0.0,1.0,-5.360987415770069e-06,0.0,-0.5076440572738647
428,2.0,0.6931471824645996,0.073799729347229,-0.6193474531173706,0.0,1.857715368270874,0.0,0.0,1.0,-1.3518084074348735e-07,0.0,-0.5158138871192932
429,2.0,0.6931471824645996,0.07272148132324219,-0.6204257011413574,0.0,1.8597195148468018,0.0,0.0,1.0,4.1621467516961275e-07,0.0,-0.5241571664810181
430,2.0,0.6931471824645996,0.07164454460144043,-0.6215026378631592,0.0,1.8617234230041504,0.0,0.0,1.0,1.9079470803262666e-06,0.0,-0.5327525734901428
431,2.0,0.6931471824645996,0.07056868076324463,-0.622578501701355,0.0,1.8637274503707886,0.0,0.0,1.0,-1.8391708636045223e-06,0.0,-0.5415776968002319
432,2.0,0.6931471824645996,0.06949400901794434,-0.6236531734466553,0.0,1.8657314777374268,0.0,0.0,1.0,-1.6719734219350357e-07,0.0,-0.5506709218025208
433,2.0,0.6931471824645996,0.06842046976089478,-0.6247267127037048,0.0,1.867735505104065,0.0,0.0,1.0,-1.2213706668262603e-07,0.0,-0.5600107908248901
434,2.0,0.6931471824645996,0.06734806299209595,-0.6257991194725037,0.0,1.8697395324707031,0.0,0.0,1.0,-1.1905399333045352e-06,0.0,-0.5696498155593872
435,2.0,0.6931471824645996,0.06627684831619263,-0.626870334148407,0.0,1.8717434406280518,0.0,0.0,1.0,1.3043764113263023e-07,0.0,-0.5795281529426575
436,2.0,0.6931471824645996,0.06520670652389526,-0.6279404759407043,0.0,1.8737475872039795,0.0,0.0,1.0,1.6707876966393087e-06,0.0,-0.5897481441497803
437,2.0,0.6931471824645996,0.06413781642913818,-0.6290093660354614,0.0,1.8757514953613281,0.0,0.0,1.0,3.4625264788701315e-07,0.0,-0.6002970337867737
438,2.0,0.6931471824645996,0.06306999921798706,-0.6300771832466125,0.0,1.8777555227279663,0.0,0.0,1.0,-8.620742733000952e-07,0.0,-0.611157238483429
439,2.0,0.6931471824645996,0.06200331449508667,-0.6311438679695129,0.0,1.8797595500946045,0.0,0.0,1.0,-1.6363995314350177e-07,0.0,-0.6223676800727844
440,2.0,0.6931471824645996,0.06093782186508179,-0.6322093605995178,0.0,1.8817634582519531,0.0,0.0,1.0,3.74711788708737e-07,0.0,-0.6339278221130371
441,2.0,0.6931471824645996,0.059873342514038086,-0.6332738399505615,0.0,1.8837676048278809,0.0,0.0,1.0,3.630909759522183e-06,0.0,-0.6459059715270996
442,2.0,0.6931471824645996,0.05881017446517944,-0.6343370079994202,0.0,1.8857715129852295,0.0,0.0,1.0,-1.3873822979348915e-07,0.0,-0.6582573056221008
443,2.0,0.6931471824645996,0.05774801969528198,-0.6353991627693176,0.0,1.8877755403518677,0.0,0.0,1.0,3.675970106087334e-08,0.0,-0.6710572242736816
444,2.0,0.6931471824645996,0.056686997413635254,-0.6364601850509644,0.0,1.8897795677185059,0.0,0.0,1.0,5.928983881631211e-08,0.0,-0.6843104362487793
445,2.0,0.6931471824645996,0.05562710762023926,-0.6375200748443604,0.0,1.891783595085144,0.0,0.0,1.0,-2.0549857708829222e-06,0.0,-0.6980336904525757
446,2.0,0.6931471824645996,0.054568350315093994,-0.6385788321495056,0.0,1.8937876224517822,0.0,0.0,1.0,-2.1889809431741014e-06,0.0,-0.7122429609298706
447,2.0,0.6931471824645996,0.05351072549819946,-0.6396364569664001,0.0,1.8957915306091309,0.0,0.0,1.0,9.486374352718485e-09,0.0,-0.7270231246948242
448,2.0,0.6931471824645996,0.05245411396026611,-0.6406930685043335,0.0,1.8977956771850586,0.0,0.0,1.0,-2.2672434170090128e-06,0.0,-0.742324709892273
449,2.0,0.6931471824645996,0.05139875411987305,-0.6417484283447266,0.0,1.8997995853424072,0.0,0.0,1.0,2.932475354100461e-06,0.0,-0.7582363486289978
450,2.0,0.6931471824645996,0.05034446716308594,-0.6428027153015137,0.0,1.9018036127090454,0.0,0.0,1.0,2.940776084869867e-07,0.0,-0.7748306393623352
451,2.0,0.6931471824645996,0.049291253089904785,-0.6438559293746948,0.0,1.9038076400756836,0.0,0.0,1.0,-3.818265668087406e-07,0.0,-0.7920352816581726
452,2.0,0.6931471824645996,0.04823923110961914,-0.6449079513549805,0.0,1.9058115482330322,0.0,0.0,1.0,-7.624673230566259e-07,0.0,-0.8100008368492126
453,2.0,0.6931471824645996,0.04718822240829468,-0.6459589600563049,0.0,1.90781569480896,0.0,0.0,1.0,5.79854656734824e-07,0.0,-0.828691840171814
454,2.0,0.6931471824645996,0.04613840579986572,-0.6470087766647339,0.0,1.9098196029663086,0.0,0.0,1.0,-1.7312632394350658e-07,0.0,-0.8482311964035034
455,2.0,0.6931471824645996,0.04508960247039795,-0.6480575799942017,0.0,1.9118236303329468,0.0,0.0,1.0,7.233360577174608e-08,0.0,-0.8686264157295227
456,2.0,0.6931471824645996,0.04404193162918091,-0.6491052508354187,0.0,1.913827657699585,0.0,0.0,1.0,1.2806604843262903e-07,0.0,-0.8899440765380859
457,2.0,0.6931471824645996,0.042995333671569824,-0.6501518487930298,0.0,1.9158316850662231,0.0,0.0,1.0,-5.928983881631211e-08,0.0,-0.9122905135154724
458,2.0,0.6931471824645996,0.04194986820220947,-0.6511973142623901,0.0,1.9178357124328613,0.0,0.0,1.0,-1.4110982249349036e-07,0.0,-0.9356720447540283
459,2.0,0.6931471824645996,0.040905535221099854,-0.6522416472434998,0.0,1.91983962059021,0.0,0.0,1.0,2.6087528226526047e-07,0.0,-0.9602437615394592
460,2.0,0.6931471824645996,0.03986215591430664,-0.653285026550293,0.0,1.9218437671661377,0.0,0.0,1.0,9.012055812718245e-08,0.0,-0.9860290288925171
461,2.0,0.6931471824645996,0.03882002830505371,-0.6543271541595459,0.0,1.9238476753234863,0.0,0.0,1.0,-3.216473714928725e-06,0.0,-1.013142466545105
462,2.0,0.6931471824645996,0.03777885437011719,-0.6553683280944824,0.0,1.9258517026901245,0.0,0.0,1.0,-2.3745581074763322e-06,0.0,-1.0416896343231201
463,2.0,0.6931471824645996,0.036738812923431396,-0.6564083695411682,0.0,1.9278557300567627,0.0,0.0,1.0,-2.1818661366523884e-07,0.0,-1.0718448162078857
464,2.0,0.6931471824645996,0.03569984436035156,-0.657447338104248,0.0,1.9298597574234009,0.0,0.0,1.0,-2.0514283960437751e-07,0.0,-1.1036944389343262
465,2.0,0.6931471824645996,0.034661948680877686,-0.6584852337837219,0.0,1.931863784790039,0.0,0.0,1.0,-2.4545994392610737e-07,0.0,-1.137401819229126
466,2.0,0.6931471824645996,0.03362518548965454,-0.6595219969749451,0.0,1.9338676929473877,0.0,0.0,1.0,1.6482574949350237e-07,0.0,-1.1731054782867432
467,2.0,0.6931471824645996,0.0325893759727478,-0.6605578064918518,0.0,1.9358718395233154,0.0,0.0,1.0,2.5275257939938456e-06,0.0,-1.2110519409179688
468,2.0,0.6931471824645996,0.03155475854873657,-0.661592423915863,0.0,1.937875747680664,0.0,0.0,1.0,9.782823440218635e-08,0.0,-1.2514020204544067
469,2.0,0.6931471824645996,0.030521154403686523,-0.6626260280609131,0.0,1.9398797750473022,0.0,0.0,1.0,-2.4024243430176284e-06,0.0,-1.2944327592849731
470,2.0,0.6931471824645996,0.02948862314224243,-0.6636585593223572,0.0,1.9418838024139404,0.0,0.0,1.0,-3.74711788708737e-07,0.0,-1.3403955698013306
471,2.0,0.6931471824645996,0.028457224369049072,-0.6646899580955505,0.0,1.943887710571289,0.0,0.0,1.0,5.591031708718219e-07,0.0,-1.3896222114562988
472,2.0,0.6931471824645996,0.02742677927017212,-0.6657204031944275,0.0,1.9458918571472168,0.0,0.0,1.0,5.145172053744318e-06,0.0,-1.4424681663513184
473,2.0,0.6931471824645996,0.0263974666595459,-0.6667497158050537,0.0,1.9478957653045654,0.0,0.0,1.0,-9.012055812718245e-08,0.0,-1.4993687868118286
474,2.0,0.6931471824645996,0.025369226932525635,-0.667777955532074,0.0,1.9498997926712036,0.0,0.0,1.0,-9.486374352718485e-08,0.0,-1.5607861280441284
475,2.0,0.6931471824645996,0.024341940879821777,-0.6688052415847778,0.0,1.9519038200378418,0.0,0.0,1.0,2.3123037706795913e-08,0.0,-1.627255916595459
476,2.0,0.6931471824645996,0.023315787315368652,-0.669831395149231,0.0,1.95390784740448,0.0,0.0,1.0,2.835833129211096e-06,0.0,-1.699501872062683
477,2.0,0.6931471824645996,0.02229064702987671,-0.6708565354347229,0.0,1.9559118747711182,0.0,0.0,1.0,2.5097388061112724e-06,0.0,-1.778338074684143
478,2.0,0.6931471824645996,0.021266639232635498,-0.6718805432319641,0.0,1.9579157829284668,0.0,0.0,1.0,1.7490502841610578e-06,0.0,-1.8645668029785156
479,2.0,0.6931471824645996,0.020243585109710693,-0.6729035973548889,0.0,1.9599199295043945,0.0,0.0,1.0,2.5690287657198496e-06,0.0,-1.959455132484436
480,2.0,0.6931471824645996,0.01922166347503662,-0.673925518989563,0.0,1.9619238376617432,0.0,0.0,1.0,-5.869694064131181e-08,0.0,-2.064251184463501
481,2.0,0.6931471824645996,0.018200695514678955,-0.6749464869499207,0.0,1.9639278650283813,0.0,0.0,1.0,2.3686291115154745e-06,0.0,-2.1806740760803223
482,2.0,0.6931471824645996,0.017180800437927246,-0.6759663820266724,0.0,1.9659318923950195,0.0,0.0,1.0,-8.537736562175269e-08,0.0,-2.3107523918151855
483,2.0,0.6931471824645996,0.016161978244781494,-0.6769852042198181,0.0,1.9679358005523682,0.0,0.0,1.0,-2.8192318950459594e-06,0.0,-2.45706844329834
484,2.0,0.6931471824645996,0.015144109725952148,-0.6780030727386475,0.0,1.969939947128296,0.0,0.0,1.0,-9.474516105001385e-07,0.0,-2.6228437423706055
485,2.0,0.6931471824645996,0.014127373695373535,-0.6790198087692261,0.0,1.9719438552856445,0.0,0.0,1.0,-2.1107182135438052e-07,0.0,-2.8122403621673584
486,2.0,0.6931471824645996,0.013111650943756104,-0.6800355315208435,0.0,1.9739478826522827,0.0,0.0,1.0,-2.039570432543769e-07,0.0,-3.0307226181030273
487,2.0,0.6931471824645996,0.012096941471099854,-0.6810502409934998,0.0,1.975951910018921,0.0,0.0,1.0,-1.888974338726257e-06,0.0,-3.2855730056762695
488,2.0,0.6931471824645996,0.011083245277404785,-0.6820639371871948,0.0,1.977955937385559,0.0,0.0,1.0,-3.770833814087382e-07,0.0,-3.5867059230804443
489,2.0,0.6931471824645996,0.010070562362670898,-0.6830766201019287,0.0,1.9799599647521973,0.0,0.0,1.0,1.719405418043607e-08,0.0,-3.9479939937591553
490,2.0,0.6931471824645996,0.009058952331542969,-0.6840882301330566,0.0,1.981963872909546,0.0,0.0,1.0,2.078701754726353e-06,0.0,-4.389514446258545
491,2.0,0.6931471824645996,0.008048295974731445,-0.6850988864898682,0.0,1.9839680194854736,0.0,0.0,1.0,4.7372580525006924e-07,0.0,-4.9413743019104
492,2.0,0.6931471824645996,0.007038772106170654,-0.686108410358429,0.0,1.9859719276428223,0.0,0.0,1.0,4.434880054304813e-07,0.0,-5.650724411010742
493,2.0,0.6931471824645996,0.006030142307281494,-0.6871170401573181,0.0,1.9879759550094604,0.0,0.0,1.0,1.0672170702719086e-08,0.0,-6.596506118774414
494,2.0,0.6931471824645996,0.005022585391998291,-0.6881245970726013,0.0,1.9899799823760986,0.0,0.0,1.0,3.304296853912092e-07,0.0,-7.920437812805176
495,2.0,0.6931471824645996,0.0040160417556762695,-0.6891311407089233,0.0,1.9919840097427368,0.0,0.0,1.0,2.1344341405438172e-08,0.0,-9.906210899353027
496,2.0,0.6931471824645996,0.0030105113983154297,-0.6901366710662842,0.0,1.993988037109375,0.0,0.0,1.0,-1.4438262041949201e-05,0.0,-13.215627670288086
497,2.0,0.6931471824645996,0.002006053924560547,-0.6911411285400391,0.0,1.9959919452667236,0.0,0.0,1.0,-1.6658073946018703e-05,0.0,0.0005542698781937361
498,2.0,0.6931471824645996,0.0010024309158325195,-0.6921447515487671,0.0,1.9979960918426514,0.0,0.0,1.0,-4.032895049022045e-06,0.0,0.000284534296952188
499,2.0,0.6931471824645996,0.0,-0.6931471824645996,0.0,2.0,0.0,0.0,1.0,0.0,0.0,0.0
