ptnum,bary_x,bary_y,bary_z,Rout,faceid,theta,P_x,P_y,P_z,Rin,vortex_core_vel_x,vortex_core_vel_y,vortex_core_vel_z,gamma
0,0.0,1.0,-0.0,2.0,1324,0.0,1.0,0.0,0.0,1.0,0.0,0.0,0.0,1.0
1,0.008434772491455078,0.014524731785058975,0.9770404696464539,2.0,1692,0.0,1.0020040273666382,0.0,5.0639865634138914e-09,1.0,-0.0030063556041568518,0.0,0.06336592137813568,1.0
2,0.016869723796844482,0.029049411416053772,0.9540808796882629,2.0,1692,0.0,1.0040080547332764,0.0,8.889285418867132e-10,1.0,-0.005911624524742365,0.0,0.12459714710712433,1.0
3,0.02530461549758911,0.04357414320111275,0.9311212301254272,2.0,1692,0.0,1.0060120820999146,0.0,-1.8007760838045783e-09,1.0,-0.008716157637536526,0.0,0.18369334936141968,1.0
4,0.03373897075653076,0.05809799209237099,0.9081630110740662,2.0,1692,0.0,1.0080159902572632,0.0,-2.2205515204376525e-09,1.0,-0.011419709771871567,0.0,0.24065108597278595,1.0
5,0.042173802852630615,0.07262272387742996,0.88520348072052,2.0,1692,0.0,1.0100200176239014,0.0,2.843434820931634e-09,1.0,-0.01402262132614851,0.0,0.2954772710800171,1.0
6,0.05060863494873047,0.08714740723371506,0.8622439503669739,2.0,1692,0.0,1.0120240449905396,0.0,2.9282367641769724e-09,1.0,-0.016524646431207657,0.0,0.34816834330558777,1.0
7,0.0590435266494751,0.10167213529348373,0.839284360408783,2.0,1692,0.0,1.0140280723571777,0.0,3.732363307307196e-09,1.0,-0.018925802782177925,0.0,0.39872464537620544,1.0
8,0.06747841835021973,0.11619687080383301,0.8163247108459473,2.0,1692,0.0,1.016032099723816,0.0,1.4256729130579515e-09,1.0,-0.021226119250059128,0.0,0.447145938873291,1.0
9,0.07591331005096436,0.1307215690612793,0.7933651208877563,2.0,1692,0.0,1.018036127090454,0.0,-8.343139512589914e-10,1.0,-0.023425566032528877,0.0,0.4934321641921997,1.0
10,0.08434760570526123,0.14524541795253754,0.77040696144104,2.0,1692,0.0,1.0200400352478027,0.0,2.6227562344161015e-09,1.0,-0.025524139404296875,0.0,0.537580668926239,1.0
11,0.09278249740600586,0.1597701609134674,0.7474473714828491,2.0,1692,0.0,1.022044062614441,0.0,4.958939481269908e-09,1.0,-0.027521932497620583,0.0,0.5795971155166626,1.0
12,0.10121732950210571,0.1742948591709137,0.724487841129303,2.0,1692,0.0,1.024048089981079,0.0,6.57579812823883e-09,1.0,-0.029418902471661568,0.0,0.6194783449172974,1.0
13,0.10965222120285034,0.18881957232952118,0.7015281915664673,2.0,1692,0.0,1.0260521173477173,0.0,1.9710226784042106e-09,1.0,-0.031214982271194458,0.0,0.6572246551513672,1.0
14,0.11808711290359497,0.20334430038928986,0.6785686016082764,2.0,1692,0.0,1.0280561447143555,0.0,2.7751492215344342e-09,1.0,-0.03291023150086403,0.0,0.6928360462188721,1.0
15,0.12652194499969482,0.21786899864673615,0.6556090712547302,2.0,1692,0.0,1.0300601720809937,0.0,4.392008090547961e-09,1.0,-0.034504663199186325,0.0,0.7263122797012329,1.0
16,0.13495630025863647,0.23239286243915558,0.6326508522033691,2.0,1692,0.0,1.0320640802383423,0.0,5.504289468660772e-09,1.0,-0.035998158156871796,0.0,0.7576518058776855,1.0
17,0.1433911919593811,0.24691759049892426,0.6096912026405334,2.0,1692,0.0,1.0340681076049805,0.0,2.4315705005051313e-09,1.0,-0.037390876561403275,0.0,0.7868582606315613,1.0
18,0.15182608366012573,0.26144230365753174,0.5867316126823425,2.0,1692,0.0,1.0360721349716187,0.0,1.7036403399117717e-09,1.0,-0.038682740181684494,0.0,0.8139296770095825,1.0
19,0.16026091575622559,0.275967001914978,0.5637720823287964,2.0,1692,0.0,1.0380761623382568,0.0,3.3204989868806933e-09,1.0,-0.039873797446489334,0.0,0.8388660550117493,1.0
20,0.16869580745697021,0.2904917299747467,0.5408124923706055,2.0,1692,0.0,1.040080189704895,0.0,4.124625530010917e-09,1.0,-0.04096398130059242,0.0,0.8616675138473511,1.0
21,0.17713069915771484,0.305016428232193,0.5178529024124146,2.0,1692,0.0,1.0420842170715332,0.0,1.864638665693974e-09,1.0,-0.04195330664515495,0.0,0.8823339343070984,1.0
22,0.1855650544166565,0.3195402920246124,0.49489468336105347,2.0,1692,0.0,1.0440881252288818,0.0,2.9769200438067855e-09,1.0,-0.042841773480176926,0.0,0.90086430311203,1.0
23,0.19399994611740112,0.3340649902820587,0.47193509340286255,2.0,1692,0.0,1.04609215259552,0.0,7.16933290512145e-10,1.0,-0.04362941533327103,0.0,0.9172608256340027,1.0
24,0.2024347484111786,0.3485897183418274,0.448975533246994,2.0,1692,0.0,1.0480961799621582,0.0,3.4594827003076034e-09,1.0,-0.04431627690792084,0.0,0.9315222501754761,1.0
25,0.21086958050727844,0.36311444640159607,0.4260159432888031,2.0,1692,0.0,1.0501002073287964,0.0,4.263609465482432e-09,1.0,-0.044902268797159195,0.0,0.9436487555503845,1.0
26,0.21930447220802307,0.37763917446136475,0.4030563533306122,2.0,1692,0.0,1.0521042346954346,0.0,5.0677360086126555e-09,1.0,-0.0453873910009861,0.0,0.9536402821540833,1.0
27,0.2277393341064453,0.39216387271881104,0.38009679317474365,2.0,1692,0.0,1.0541082620620728,0.0,4.746171899938645e-09,1.0,-0.04577166959643364,0.0,0.9614968299865723,1.0
28,0.23617371916770935,0.4066877067089081,0.3571385443210602,2.0,1692,0.0,1.0561121702194214,0.0,8.559170039390551e-10,1.0,-0.04605507478117943,0.0,0.9672179818153381,1.0
29,0.2446085810661316,0.42121243476867676,0.33417898416519165,2.0,1692,0.0,1.0581161975860596,0.0,3.5984664137345135e-09,1.0,-0.046237681061029434,0.0,0.9708046317100525,1.0
30,0.25304341316223145,0.4357371926307678,0.31121939420700073,2.0,1692,0.0,1.0601202249526978,0.0,7.466706364311904e-09,1.0,-0.04631945863366127,0.0,0.9722562432289124,1.0
31,0.26147833466529846,0.4502618610858917,0.2882598340511322,2.0,1692,0.0,1.062124252319336,0.0,4.0810288481907264e-09,1.0,-0.04630033299326897,0.0,0.9715729355812073,1.0
32,0.2699131965637207,0.4647865891456604,0.2653002142906189,2.0,1692,0.0,1.0641282796859741,0.0,2.9467328577226226e-09,1.0,-0.046180397272109985,0.0,0.9687544703483582,1.0
33,0.2783479690551758,0.4793113172054291,0.24234066903591156,2.0,1692,0.0,1.0661323070526123,0.0,6.65849375636185e-09,1.0,-0.04595964774489403,0.0,0.9638010263442993,1.0
34,0.2867823541164398,0.4938351809978485,0.21938243508338928,2.0,1692,0.0,1.068136215209961,0.0,6.801563756653195e-09,1.0,-0.045638035982847214,0.0,0.9567131400108337,1.0
35,0.2952173054218292,0.5083598494529724,0.19642284512519836,2.0,1692,0.0,1.0701402425765991,0.0,1.4774632628444806e-09,1.0,-0.045215532183647156,0.0,0.9474899172782898,1.0
36,0.3036521375179291,0.5228846073150635,0.17346325516700745,2.0,1692,0.0,1.0721442699432373,0.0,5.345703435466476e-09,1.0,-0.04469223693013191,0.0,0.9361315965652466,1.0
37,0.3120869994163513,0.5374093055725098,0.15050368010997772,2.0,1692,0.0,1.0741482973098755,0.0,4.054927948970999e-09,1.0,-0.044068075716495514,0.0,0.9226382970809937,1.0
38,0.32052189111709595,0.551934003829956,0.1275440901517868,2.0,1692,0.0,1.0761523246765137,0.0,1.7949410846540559e-09,1.0,-0.043343063443899155,0.0,0.907010018825531,1.0
39,0.3289567828178406,0.5664587020874023,0.10458452254533768,2.0,1692,0.0,1.0781563520431519,0.0,9.887712870693122e-10,1.0,-0.04251721128821373,0.0,0.8892467617988586,1.0
40,0.33739161491394043,0.5809834599494934,0.08162494003772736,2.0,1692,0.0,1.08016037940979,0.0,5.341616926557435e-09,1.0,-0.041590526700019836,0.0,0.8693484663963318,1.0
41,0.3458259403705597,0.5955073237419128,0.05866672471165657,2.0,1692,0.0,1.0821642875671387,0.0,6.696201371170218e-09,1.0,-0.040563058108091354,0.0,0.8473165035247803,1.0
42,0.3542608320713043,0.6100320219993591,0.03570714220404625,2.0,1692,0.0,1.0841683149337769,0.0,4.9208201957640085e-09,1.0,-0.03943467140197754,0.0,0.8231483101844788,1.0
43,0.36269572377204895,0.6245567202568054,0.012747557833790779,2.0,1692,0.0,1.086172342300415,0.0,3.024287487107813e-09,1.0,-0.03820544481277466,0.0,0.7968451380729675,1.0
44,0.011578887701034546,0.6301323771476746,0.3582887351512909,2.0,1326,0.0,1.0881763696670532,0.0,9.665820366322464e-10,1.0,-0.037834469228982925,0.0,0.7739850282669067,1.0
45,0.03761163353919983,0.6245370507240295,0.33785131573677063,2.0,1326,0.0,1.0901803970336914,0.0,5.437698069599151e-10,1.0,-0.038669511675834656,0.0,0.7576776742935181,1.0
46,0.06364437937736511,0.6189417243003845,0.31741389632225037,2.0,1326,0.0,1.0921844244003296,0.0,1.2095757728758372e-10,1.0,-0.03955546393990517,0.0,0.741622805595398,1.0
47,0.08967551589012146,0.6133467555046082,0.2969777286052704,2.0,1326,0.0,1.0941883325576782,0.0,9.040693749184925e-10,1.0,-0.04049227014183998,0.0,0.7258214950561523,1.0
48,0.11570820212364197,0.6077514290809631,0.2765403687953949,2.0,1326,0.0,1.0961923599243164,0.0,-8.35907232321631e-10,1.0,-0.041480034589767456,0.0,0.7102718353271484,1.0
49,0.14174094796180725,0.6021561026573181,0.25610294938087463,2.0,1326,0.0,1.0981963872909546,0.0,-1.2587194619939623e-09,1.0,-0.04251871258020401,0.0,0.6949746012687683,1.0
50,0.16777363419532776,0.5965608358383179,0.23566552996635437,2.0,1326,0.0,1.1002004146575928,0.0,3.1295308566825497e-09,1.0,-0.04360830411314964,0.0,0.6799300312995911,1.0
51,0.19380632042884827,0.5909655094146729,0.21522817015647888,2.0,1326,0.0,1.102204442024231,0.0,1.3895543604647287e-09,1.0,-0.04474879801273346,0.0,0.6651379466056824,1.0
52,0.21983906626701355,0.5853701829910278,0.19479075074195862,2.0,1326,0.0,1.1042084693908691,0.0,9.667421307923973e-10,1.0,-0.045940205454826355,0.0,0.650598406791687,1.0
53,0.24587027728557587,0.5797751545906067,0.17435456812381744,2.0,1326,0.0,1.1062123775482178,0.0,-2.7319175810447405e-09,1.0,-0.047182440757751465,0.0,0.6363122463226318,1.0
54,0.27190303802490234,0.5741798281669617,0.15391714870929718,2.0,1326,0.0,1.108216404914856,0.0,-3.154729810717072e-09,1.0,-0.04847566410899162,0.0,0.6222777962684631,1.0
55,0.29793572425842285,0.5685845017433167,0.1334797590970993,2.0,1326,0.0,1.1102204322814941,0.0,-4.236124340195602e-09,1.0,-0.04981979355216026,0.0,0.608495831489563,1.0
56,0.3239684998989105,0.5629891753196716,0.11304233223199844,2.0,1326,0.0,1.1122244596481323,0.0,-4.494291161449837e-09,1.0,-0.05121483653783798,0.0,0.5949665307998657,1.0
57,0.35000115633010864,0.5573939085006714,0.09260494261980057,2.0,1326,0.0,1.1142284870147705,0.0,-7.646226984903137e-10,1.0,-0.05266079306602478,0.0,0.581689715385437,1.0
58,0.37603387236595154,0.5517985820770264,0.07216755300760269,2.0,1326,0.0,1.1162325143814087,0.0,-1.8460171169465411e-09,1.0,-0.05415765196084976,0.0,0.5686654448509216,1.0
59,0.4020650088787079,0.54620361328125,0.05173137038946152,2.0,1326,0.0,1.1182364225387573,0.0,-7.336142804348356e-10,1.0,-0.05570532754063606,0.0,0.5558944940567017,1.0
60,0.42809775471687317,0.540608286857605,0.031293950974941254,2.0,1326,0.0,1.1202404499053955,0.0,-1.156426510107167e-09,1.0,-0.057304006069898605,0.0,0.5433753132820129,1.0
61,0.45413047075271606,0.53501296043396,0.010856562294065952,2.0,1326,0.0,1.1222444772720337,0.0,-2.258401687882383e-09,1.0,-0.05895359069108963,0.0,0.5311086773872375,1.0
62,0.008886009454727173,0.5243344306945801,0.46677955985069275,2.0,984,0.0,1.1242485046386719,0.0,-3.244266522095529e-10,1.0,-0.05936000868678093,0.0,0.5222418904304504,1.0
63,0.027841180562973022,0.507895827293396,0.464262992143631,2.0,984,0.0,1.12625253200531,0.0,-8.034262699574413e-10,1.0,-0.05834069103002548,0.0,0.5170159339904785,1.0
64,0.04679635167121887,0.4914572536945343,0.4617464244365692,2.0,984,0.0,1.1282565593719482,0.0,-9.630567454621541e-10,1.0,-0.057358335703611374,0.0,0.5118001699447632,1.0
65,0.0657503604888916,0.475019633769989,0.4592300057411194,2.0,984,0.0,1.1302604675292969,0.0,-1.333685606397239e-09,1.0,-0.056412991136312485,0.0,0.5065947771072388,1.0
66,0.08470556139945984,0.45858103036880493,0.45671340823173523,2.0,984,0.0,1.132264494895935,0.0,2.7347696329727e-10,1.0,-0.05550454929471016,0.0,0.5013992190361023,1.0
67,0.10366073250770569,0.44214242696762085,0.45419684052467346,2.0,984,0.0,1.1342685222625732,0.0,-2.0552265445061835e-10,1.0,-0.05463306978344917,0.0,0.4962138235569,1.0
68,0.12261584401130676,0.42570385336875916,0.4516802728176117,2.0,984,0.0,1.1362725496292114,0.0,-3.651531299553312e-10,1.0,-0.05379854515194893,0.0,0.49103856086730957,1.0
69,0.1415710151195526,0.4092652499675751,0.4491637051105499,2.0,984,0.0,1.1382765769958496,0.0,-8.441527477032196e-10,1.0,-0.053000982850790024,0.0,0.48587343096733093,1.0
70,0.16052618622779846,0.392826646566391,0.44664713740348816,2.0,984,0.0,1.1402806043624878,0.0,-1.323152365451108e-09,1.0,-0.05224037915468216,0.0,0.4807184338569641,1.0
71,0.1794813871383667,0.3763880431652069,0.444130539894104,2.0,984,0.0,1.142284631729126,0.0,2.840102042434012e-10,1.0,-0.051516734063625336,0.0,0.4755735695362091,1.0
72,0.1984354555606842,0.35995039343833923,0.4416141211986542,2.0,984,0.0,1.1442885398864746,0.0,-4.0598779893485926e-10,1.0,-0.050830088555812836,0.0,0.4704391360282898,1.0
73,0.21739062666893005,0.34351179003715515,0.4390975534915924,2.0,984,0.0,1.1462925672531128,0.0,-8.849874166827476e-10,1.0,-0.05018036067485809,0.0,0.4653145670890808,1.0
74,0.2363457977771759,0.32707318663597107,0.43658098578453064,2.0,984,0.0,1.148296594619751,0.0,-1.363987034430636e-09,1.0,-0.04956759139895439,0.0,0.46020010113716125,1.0
75,0.25530096888542175,0.310634583234787,0.43406441807746887,2.0,984,0.0,1.1503006219863892,0.0,-1.8429866521785243e-09,1.0,-0.04899178072810173,0.0,0.4550957977771759,1.0
76,0.2742561399936676,0.2941960394382477,0.4315478503704071,2.0,984,0.0,1.1523046493530273,0.0,-1.6832479854400617e-09,1.0,-0.048452939838171005,0.0,0.45000168681144714,1.0
77,0.2932102084159851,0.27775838971138,0.4290314316749573,2.0,984,0.0,1.154308557510376,0.0,-2.3732460441294734e-09,1.0,-0.04795107617974281,0.0,0.4449179470539093,1.0
78,0.31216540932655334,0.2613197863101959,0.4265148341655731,2.0,984,0.0,1.1563125848770142,0.0,-7.66083418923813e-10,1.0,-0.04748614504933357,0.0,0.439844012260437,1.0
79,0.3311205208301544,0.24488119781017303,0.42399826645851135,2.0,984,0.0,1.1583166122436523,0.0,-1.085398437794538e-09,1.0,-0.047058168798685074,0.0,0.4347802400588989,1.0
80,0.35007569193840027,0.22844259440898895,0.4214816987514496,2.0,984,0.0,1.1603206396102905,0.0,-1.5643980555424264e-09,1.0,-0.046667154878377914,0.0,0.42972660064697266,1.0
81,0.3690308630466461,0.21200400590896606,0.4189651310443878,2.0,984,0.0,1.1623246669769287,0.0,-1.883713185435454e-09,1.0,-0.046313099563121796,0.0,0.4246831238269806,1.0
82,0.38798603415489197,0.19556540250778198,0.41644856333732605,2.0,984,0.0,1.164328694343567,0.0,-2.3627126921610397e-09,1.0,-0.04599600285291672,0.0,0.41964974999427795,1.0
83,0.4069412350654602,0.1791267991065979,0.4139319658279419,2.0,984,0.0,1.166332721710205,0.0,-7.555501779776819e-10,1.0,-0.04571586847305298,0.0,0.4146265387535095,1.0
84,0.4258953332901001,0.16268916428089142,0.4114155173301697,2.0,984,0.0,1.1683366298675537,0.0,8.002986051636185e-10,1.0,-0.045472703874111176,0.0,0.4096137285232544,1.0
85,0.44485050439834595,0.14625056087970734,0.4088989496231079,2.0,984,0.0,1.170340657234192,0.0,3.2129895966015454e-10,1.0,-0.04526648670434952,0.0,0.4046107828617096,1.0
86,0.46380558609962463,0.12981197237968445,0.40638241171836853,2.0,984,0.0,1.17234468460083,0.0,-2.084178163386241e-09,1.0,-0.0450972244143486,0.0,0.3996179401874542,1.0
87,0.4827607572078705,0.11337337642908096,0.40386584401130676,2.0,984,0.0,1.1743487119674683,0.0,-2.483335537206699e-09,1.0,-0.04496492072939873,0.0,0.39463528990745544,1.0
88,0.501715898513794,0.09693478047847748,0.401349276304245,2.0,984,0.0,1.1763527393341064,0.0,-2.882492911027157e-09,1.0,-0.04486957937479019,0.0,0.3896627128124237,1.0
89,0.5206711292266846,0.08049618452787399,0.39883267879486084,2.0,984,0.0,1.1783567667007446,0.0,-1.195488041894066e-09,1.0,-0.044811200350522995,0.0,0.38470032811164856,1.0
90,0.5396252274513245,0.06405855715274811,0.3963162302970886,2.0,984,0.0,1.1803606748580933,0.0,4.402029574190891e-10,1.0,-0.04478977620601654,0.0,0.3797483742237091,1.0
91,0.5585803985595703,0.047619957476854324,0.39379966259002686,2.0,984,0.0,1.1823647022247314,0.0,1.1244824515976859e-12,1.0,-0.04480531066656113,0.0,0.3748062551021576,1.0
92,0.5775355696678162,0.031181346625089645,0.3912830948829651,2.0,984,0.0,1.1843687295913696,0.0,-5.577174277959784e-10,1.0,-0.04485780745744705,0.0,0.3698742389678955,1.0
93,0.596490740776062,0.01474275067448616,0.3887665271759033,2.0,984,0.0,1.1863727569580078,0.0,-9.568748016164363e-10,1.0,-0.04494725912809372,0.0,0.3649523854255676,1.0
94,0.0016255974769592285,0.6144464612007141,0.38392794132232666,2.0,417,0.0,1.188376784324646,0.0,-4.199316006037179e-09,1.0,-0.04454163461923599,0.0,0.3600205183029175,1.0
95,0.01738300919532776,0.623714029788971,0.3589029610157013,2.0,417,0.0,1.1903808116912842,0.0,-2.652914554701624e-09,1.0,-0.03948064520955086,0.0,0.35468652844429016,1.0
96,0.03313946723937988,0.63298100233078,0.3338795304298401,2.0,417,0.0,1.1923847198486328,0.0,-3.5672576004230905e-09,1.0,-0.03433521091938019,0.0,0.3489324748516083,1.0
97,0.04889687895774841,0.6422485709190369,0.3088545501232147,2.0,417,0.0,1.194388747215271,0.0,-2.0208561490875354e-09,1.0,-0.029104700312018394,0.0,0.3427577018737793,1.0
98,0.06465432047843933,0.6515160799026489,0.28382959961891174,2.0,417,0.0,1.1963927745819092,0.0,-5.873732167316348e-09,1.0,-0.02378942258656025,0.0,0.3361625671386719,1.0
99,0.08041167259216309,0.6607836484909058,0.25880467891693115,2.0,417,0.0,1.1983968019485474,0.0,-1.8734243045770427e-09,1.0,-0.018389401957392693,0.0,0.3291470408439636,1.0
100,0.09616908431053162,0.6700512170791626,0.2337796986103058,2.0,417,0.0,1.2004008293151855,0.0,-3.2702274221918515e-10,1.0,-0.01290459930896759,0.0,0.32171109318733215,1.0
101,0.11192654073238373,0.6793187260627747,0.2087547332048416,2.0,417,0.0,1.2024048566818237,0.0,-4.793375030232028e-09,1.0,-0.007335027679800987,0.0,0.31385478377342224,1.0
102,0.12768399715423584,0.6885862350463867,0.18372976779937744,2.0,417,0.0,1.204408884048462,0.0,-9.259727207222568e-09,1.0,-0.0016806930070742965,0.0,0.3055780827999115,1.0
103,0.14344041049480438,0.6978532671928406,0.15870632231235504,2.0,417,0.0,1.2064127922058105,0.0,-4.161316624617939e-09,1.0,0.004058042075484991,0.0,0.2968815565109253,1.0
104,0.15919776260852814,0.7071208357810974,0.13368140161037445,2.0,417,0.0,1.2084168195724487,0.0,-1.6100903943438993e-10,1.0,0.009881878271698952,0.0,0.2877641022205353,1.0
105,0.17495521903038025,0.7163883447647095,0.10865643620491028,2.0,417,0.0,1.210420846939087,0.0,-4.627361605002989e-09,1.0,0.01579049788415432,0.0,0.27822625637054443,1.0
106,0.19071261584758759,0.7256559133529663,0.0836314707994461,2.0,417,0.0,1.212424874305725,0.0,-2.467483328771891e-09,1.0,0.021783875301480293,0.0,0.26826804876327515,1.0
107,0.20647001266479492,0.7349234819412231,0.058606501668691635,2.0,417,0.0,1.2144289016723633,0.0,-4.6097442529813293e-10,1.0,0.02786201611161232,0.0,0.25788941979408264,1.0
108,0.22222650051116943,0.7441904544830322,0.03358304873108864,2.0,417,0.0,1.216432809829712,0.0,-2.2955324308071567e-09,1.0,0.034024547785520554,0.0,0.24709109961986542,1.0
109,0.23798395693302155,0.7534579634666443,0.008558081462979317,2.0,417,0.0,1.21843683719635,0.0,-6.838569266420791e-09,1.0,0.040272217243909836,0.0,0.23587173223495483,1.0
110,0.012434318661689758,0.7453106045722961,0.2422550767660141,2.0,1640,0.0,1.2204408645629883,0.0,2.4623174610383103e-09,1.0,0.040861066430807114,0.0,0.2315961718559265,1.0
111,0.03133085370063782,0.7281123995780945,0.2405567467212677,2.0,1640,0.0,1.2224448919296265,0.0,1.376091796068124e-09,1.0,0.03851623833179474,0.0,0.23103079199790955,1.0
112,0.050227344036102295,0.7109142541885376,0.2388584017753601,2.0,1640,0.0,1.2244489192962646,0.0,2.393076625750723e-09,1.0,0.03621584549546242,0.0,0.2304108589887619,1.0
113,0.06912374496459961,0.6937161684036255,0.2371600866317749,2.0,1640,0.0,1.2264529466629028,0.0,9.902521025395572e-10,1.0,0.03395989537239075,0.0,0.22973637282848358,1.0
114,0.0880202203989029,0.6765180230140686,0.2354617565870285,2.0,1640,0.0,1.228456974029541,0.0,4.995636126992054e-10,1.0,0.031748365610837936,0.0,0.22900733351707458,1.0
115,0.10691553354263306,0.6593209505081177,0.23376351594924927,2.0,1640,0.0,1.2304608821868896,0.0,1.6825063564596121e-09,1.0,0.029581395909190178,0.0,0.2282238006591797,1.0
116,0.12581202387809753,0.6421228051185608,0.23206517100334167,2.0,1640,0.0,1.2324649095535278,0.0,2.6994912971645135e-09,1.0,0.02745872177183628,0.0,0.22738566994667053,1.0
117,0.1447085440158844,0.6249246001243591,0.23036685585975647,2.0,1640,0.0,1.234468936920166,0.0,1.0559209062677155e-10,1.0,0.02538047730922699,0.0,0.2264929711818695,1.0
118,0.1636049747467041,0.607726514339447,0.22866851091384888,2.0,1640,0.0,1.2364729642868042,0.0,1.7181142064615074e-09,1.0,0.0233466699719429,0.0,0.225545734167099,1.0
119,0.18250145018100739,0.5905283689498901,0.22697018086910248,2.0,1640,0.0,1.2384769916534424,0.0,1.2274257166211555e-09,1.0,0.02135729044675827,0.0,0.224543958902359,1.0
120,0.20139676332473755,0.5733312964439392,0.22527194023132324,2.0,1640,0.0,1.240480899810791,0.0,2.41036834935926e-09,1.0,0.019412456080317497,0.0,0.22348769009113312,1.0
121,0.22029323875904083,0.5561331510543823,0.22357361018657684,2.0,1640,0.0,1.2424849271774292,0.0,1.9196799705412104e-09,1.0,0.01751193404197693,0.0,0.22237679362297058,1.0
122,0.2391897290945053,0.5389350056648254,0.22187526524066925,2.0,1640,0.0,1.2444889545440674,0.0,2.936664689201507e-09,1.0,0.015655839815735817,0.0,0.22121135890483856,1.0
123,0.2580861449241638,0.5217369198799133,0.22017695009708405,2.0,1640,0.0,1.2464929819107056,0.0,1.5338402770126436e-09,1.0,0.013844183646142483,0.0,0.21999138593673706,1.0
124,0.2769826650619507,0.5045387148857117,0.21847860515117645,2.0,1640,0.0,1.2484970092773438,0.0,1.955287931565408e-09,1.0,0.01207694597542286,0.0,0.2187168300151825,1.0
125,0.29587915539741516,0.4873405694961548,0.21678027510643005,2.0,1640,0.0,1.250501036643982,0.0,1.4645993307027538e-09,1.0,0.01035414356738329,0.0,0.21738775074481964,1.0
126,0.3147755563259125,0.4701424539089203,0.21508195996284485,2.0,1640,0.0,1.2525050640106201,0.0,-2.359938355844804e-10,1.0,0.008675779215991497,0.0,0.21600410342216492,1.0
127,0.3336709141731262,0.452945351600647,0.2133837193250656,2.0,1640,0.0,1.2545089721679688,0.0,6.491802650998579e-10,1.0,0.0070419334806501865,0.0,0.21456600725650787,1.0
128,0.3525673747062683,0.4357472360134125,0.21168537437915802,2.0,1640,0.0,1.256512999534607,0.0,1.963933682347374e-09,1.0,0.005452420562505722,0.0,0.21307328343391418,1.0
129,0.3714638352394104,0.418549120426178,0.20998704433441162,2.0,1640,0.0,1.2585170269012451,0.0,1.771013891094242e-09,1.0,0.003907339181751013,0.0,0.21152600646018982,1.0
130,0.3903603255748749,0.4013510048389435,0.20828869938850403,2.0,1640,0.0,1.2605210542678833,0.0,3.0857674193640605e-09,1.0,0.0024066846817731857,0.0,0.20992417633533478,1.0
131,0.40925687551498413,0.3841527998447418,0.20659035444259644,2.0,1640,0.0,1.2625250816345215,0.0,3.5072149628945226e-09,1.0,0.0009504561894573271,0.0,0.20826779305934906,1.0
132,0.4281521439552307,0.3669556975364685,0.2048921436071396,2.0,1640,0.0,1.2645289897918701,0.0,1.377042369021808e-09,1.0,-0.00046124629443511367,0.0,0.20655693113803864,1.0
133,0.44704973697662354,0.34975653886795044,0.20319370925426483,2.0,1640,0.0,1.2665331363677979,0.0,1.3159332512557853e-09,1.0,-0.0018286901758983731,0.0,0.2047913372516632,1.0
134,0.4659450650215149,0.3325594365596771,0.2014954686164856,2.0,1640,0.0,1.2685370445251465,0.0,2.2011072964289724e-09,1.0,-0.0031515436712652445,0.0,0.202971413731575,1.0
135,0.48484161496162415,0.31536129117012024,0.199797123670578,2.0,1640,0.0,1.2705410718917847,0.0,3.218092237133874e-09,1.0,-0.004430052358657122,0.0,0.20109684765338898,1.0
136,0.5037380456924438,0.29816317558288574,0.1980988085269928,2.0,1640,0.0,1.2725450992584229,0.0,1.5174990153354884e-09,1.0,-0.005664121825248003,0.0,0.19916771352291107,1.0
137,0.5226345062255859,0.28096503019332886,0.1964004784822464,2.0,1640,0.0,1.274549126625061,0.0,1.0268105254951365e-09,1.0,-0.006853763945400715,0.0,0.1971840113401413,1.0
138,0.541530966758728,0.263766884803772,0.1947021335363388,2.0,1640,0.0,1.2765531539916992,0.0,2.0437953551777355e-09,1.0,-0.007998976856470108,0.0,0.19514577090740204,1.0
139,0.5604262948036194,0.24656979739665985,0.19300389289855957,2.0,1640,0.0,1.2785570621490479,0.0,3.0778537496445324e-09,1.0,-0.009099694900214672,0.0,0.19305311143398285,1.0
140,0.5793227553367615,0.22937165200710297,0.19130557775497437,2.0,1640,0.0,1.280561089515686,0.0,1.0794919402812297e-09,1.0,-0.010156046599149704,0.0,0.19090576469898224,1.0
141,0.5982192754745483,0.21217352151870728,0.18960723280906677,2.0,1640,0.0,1.2825651168823242,0.0,2.245361230279741e-09,1.0,-0.011167975142598152,0.0,0.18870390951633453,1.0
142,0.6171157360076904,0.1949753761291504,0.18790890276432037,2.0,1640,0.0,1.2845691442489624,0.0,1.7546726294170867e-09,1.0,-0.012135467492043972,0.0,0.18644745647907257,1.0
143,0.6360121965408325,0.1777772456407547,0.18621055781841278,2.0,1640,0.0,1.2865731716156006,0.0,2.9205418083932955e-09,1.0,-0.01305853296071291,0.0,0.18413646519184113,1.0
144,0.6549086570739746,0.16057910025119781,0.18451222777366638,2.0,1640,0.0,1.2885771989822388,0.0,2.429853207530641e-09,1.0,-0.013937165029346943,0.0,0.181770920753479,1.0
145,0.6738051176071167,0.14338096976280212,0.18281391263008118,2.0,1640,0.0,1.290581226348877,0.0,5.803758029720996e-10,1.0,-0.014771366491913795,0.0,0.1793508380651474,1.0
146,0.6927004456520081,0.1261838674545288,0.18111567199230194,2.0,1640,0.0,1.2925851345062256,0.0,1.4655499036564379e-09,1.0,-0.015561092644929886,0.0,0.17687635123729706,1.0
147,0.7115969657897949,0.10898572206497192,0.17941732704639435,2.0,1640,0.0,1.2945891618728638,0.0,2.4825346223167344e-09,1.0,-0.01630644127726555,0.0,0.1743471622467041,1.0
148,0.730493426322937,0.09178758412599564,0.17771899700164795,2.0,1640,0.0,1.296593189239502,0.0,2.066288473656641e-09,1.0,-0.017007354646921158,0.0,0.17176342010498047,1.0
149,0.7493898272514343,0.07458946108818054,0.17602066695690155,2.0,1640,0.0,1.2985972166061401,0.0,1.7989263412232503e-09,1.0,-0.01766383647918701,0.0,0.16912512481212616,1.0
150,0.7682863473892212,0.057391319423913956,0.17432233691215515,2.0,1640,0.0,1.3006012439727783,0.0,1.3454589664618766e-09,1.0,-0.018275892361998558,0.0,0.16643230617046356,1.0
151,0.7871816754341125,0.04019421339035034,0.17262409627437592,2.0,1640,0.0,1.302605152130127,0.0,2.1934121186006905e-09,1.0,-0.018843483179807663,0.0,0.16368506848812103,1.0
152,0.8060781955718994,0.022996069863438606,0.17092575132846832,2.0,1640,0.0,1.3046091794967651,0.0,3.2290072837781736e-09,1.0,-0.019366683438420296,0.0,0.16088314354419708,1.0
153,0.8249746561050415,0.0057979365810751915,0.16922743618488312,2.0,1640,0.0,1.3066132068634033,0.0,1.3516140429103984e-09,1.0,-0.019845446571707726,0.0,0.15802666544914246,1.0
154,0.011048451066017151,0.8308692574501038,0.1580822914838791,2.0,1130,0.0,1.3086172342300415,0.0,-3.2767761837249054e-09,1.0,-0.02087239734828472,0.0,0.15692849457263947,1.0
155,0.027715831995010376,0.8301514983177185,0.14213266968727112,2.0,1130,0.0,1.3106212615966797,0.0,6.504274896457218e-10,1.0,-0.022188959643244743,0.0,0.15677188336849213,1.0
156,0.04438328742980957,0.8294336795806885,0.12618303298950195,2.0,1130,0.0,1.3126252889633179,0.0,-1.1284146950174545e-09,1.0,-0.0235003475099802,0.0,0.15664984285831451,1.0
157,0.061050668358802795,0.8287159204483032,0.11023341119289398,2.0,1130,0.0,1.314629316329956,0.0,2.798788756308568e-09,1.0,-0.024806566536426544,0.0,0.15656235814094543,1.0
158,0.07771709561347961,0.827998161315918,0.09428474307060242,2.0,1130,0.0,1.3166332244873047,0.0,2.5705040318513284e-09,1.0,-0.026107532903552055,0.0,0.15650945901870728,1.0
159,0.09438454359769821,0.8272803425788879,0.07833511382341385,2.0,1130,0.0,1.3186372518539429,0.0,7.591970940801218e-10,1.0,-0.02740340679883957,0.0,0.15649111568927765,1.0
160,0.11105193197727203,0.8265625834465027,0.06238548457622528,2.0,1130,0.0,1.320641279220581,0.0,4.718865298514174e-09,1.0,-0.028694111853837967,0.0,0.15650734305381775,1.0
161,0.12771937251091003,0.8258447647094727,0.04643585532903671,2.0,1130,0.0,1.3226453065872192,0.0,2.907558416254119e-09,1.0,-0.0299796424806118,0.0,0.15655814111232758,1.0
162,0.14438676834106445,0.8251270055770874,0.030486227944493294,2.0,1130,0.0,1.3246493339538574,0.0,6.8591106128224055e-09,1.0,-0.03126000240445137,0.0,0.15664350986480713,1.0
163,0.16105325520038605,0.8244091868400574,0.014537557028234005,2.0,1130,0.0,1.326653242111206,0.0,8.720247857141317e-10,1.0,-0.032535113394260406,0.0,0.15676343441009521,1.0
164,0.001610100269317627,0.8221709132194519,0.17621898651123047,2.0,694,0.0,1.3286573886871338,0.0,-4.708495815464175e-10,1.0,-0.03357784077525139,0.0,0.156635582447052,1.0
165,0.01978468894958496,0.8042908310890198,0.17592447996139526,2.0,694,0.0,1.3306612968444824,0.0,-1.3868084458579233e-09,1.0,-0.032294243574142456,0.0,0.15364113450050354,1.0
166,0.037960320711135864,0.7864097356796265,0.17562994360923767,2.0,694,0.0,1.3326653242111206,0.0,-1.0538383499181236e-09,1.0,-0.03103845752775669,0.0,0.15068793296813965,1.0
167,0.05613601207733154,0.7685285806655884,0.17533540725708008,2.0,694,0.0,1.3346693515777588,0.0,-8.143858920561797e-10,1.0,-0.029810555279254913,0.0,0.14777615666389465,1.0
168,0.07431164383888245,0.7506474852561951,0.17504087090492249,2.0,694,0.0,1.336673378944397,0.0,-4.814157961163801e-10,1.0,-0.02861054241657257,0.0,0.14490582048892975,1.0
169,0.09248721599578857,0.7327664494514465,0.1747463345527649,2.0,694,0.0,1.3386774063110352,0.0,-5.4928062098724695e-11,1.0,-0.027438418939709663,0.0,0.14207692444324493,1.0
170,0.11066186428070068,0.7148863077163696,0.1744518280029297,2.0,694,0.0,1.3406813144683838,0.0,-1.0644045644880862e-09,1.0,-0.02629423886537552,0.0,0.13928960263729095,1.0
171,0.1288374960422516,0.6970052123069763,0.1741572916507721,2.0,694,0.0,1.342685341835022,0.0,-7.314344685482865e-10,1.0,-0.025177882984280586,0.0,0.13654355704784393,1.0
172,0.1470131278038025,0.679124116897583,0.1738627552986145,2.0,694,0.0,1.3446893692016602,0.0,-3.984643726084869e-10,1.0,-0.02408941276371479,0.0,0.133838951587677,1.0
173,0.16518881916999817,0.6612429618835449,0.1735682189464569,2.0,694,0.0,1.3466933965682983,0.0,-1.5901191474654297e-10,1.0,-0.023028826341032982,0.0,0.13117575645446777,1.0
174,0.1833643764257431,0.6433619260787964,0.1732736974954605,2.0,694,0.0,1.3486974239349365,0.0,-1.151888584516314e-09,1.0,-0.021996131166815758,0.0,0.12855403125286102,1.0
175,0.20154006779193878,0.6254807710647583,0.17297916114330292,2.0,694,0.0,1.3507014513015747,0.0,-9.124361266543701e-10,1.0,-0.020991316065192223,0.0,0.12597370147705078,1.0
176,0.2197156846523285,0.607599675655365,0.17268463969230652,2.0,694,0.0,1.352705478668213,0.0,-1.998830434501997e-09,1.0,-0.020014390349388123,0.0,0.12343481183052063,1.0
177,0.23789024353027344,0.5897196531295776,0.17239010334014893,2.0,694,0.0,1.3547093868255615,0.0,1.745714683920596e-11,1.0,-0.019065408036112785,0.0,0.12093750387430191,1.0
178,0.25606584548950195,0.5718385577201843,0.17209558188915253,2.0,694,0.0,1.3567134141921997,0.0,-1.0689371610084208e-09,1.0,-0.01814425177872181,0.0,0.11848147958517075,1.0
179,0.27424156665802,0.5539574027061462,0.17180104553699493,2.0,694,0.0,1.358717441558838,0.0,-8.294847031464769e-10,1.0,-0.01725098118185997,0.0,0.11606688052415848,1.0
180,0.29241710901260376,0.5360763669013977,0.17150652408599854,2.0,694,0.0,1.360721468925476,0.0,-1.822361372916248e-09,1.0,-0.016385599970817566,0.0,0.1136937290430069,1.0
181,0.31059280037879944,0.5181952118873596,0.17121198773384094,2.0,694,0.0,1.3627254962921143,0.0,-1.582908915054304e-09,1.0,-0.015548100695014,0.0,0.11136198788881302,1.0
182,0.3287673592567444,0.5003151893615723,0.17091746628284454,2.0,694,0.0,1.364729404449463,0.0,-9.859857375005276e-10,1.0,-0.0147385373711586,0.0,0.10907182842493057,1.0
183,0.3469429612159729,0.48243409395217896,0.17062292993068695,2.0,694,0.0,1.366733431816101,0.0,-6.53015641560728e-10,1.0,-0.013956810347735882,0.0,0.10682295262813568,1.0
184,0.3651185929775238,0.46455296874046326,0.17032840847969055,2.0,694,0.0,1.3687374591827393,0.0,-1.7861687684472827e-09,1.0,-0.013202968053519726,0.0,0.10461550951004028,1.0
185,0.3832942843437195,0.44667184352874756,0.17003387212753296,2.0,694,0.0,1.3707414865493774,0.0,-1.4999574915464109e-09,1.0,-0.012477013282477856,0.0,0.10244949907064438,1.0
186,0.4014698565006256,0.42879077792167664,0.16973933577537537,2.0,694,0.0,1.3727455139160156,0.0,-1.1202285765676834e-09,1.0,-0.011778945103287697,0.0,0.10032492130994797,1.0
187,0.4196455478668213,0.41090965270996094,0.16944479942321777,2.0,694,0.0,1.3747495412826538,0.0,-8.340172996668116e-10,1.0,-0.0111087616533041,0.0,0.09824177622795105,1.0
188,0.4378211796283722,0.3930285573005676,0.16915026307106018,2.0,694,0.0,1.376753568649292,0.0,-5.010472037270119e-10,1.0,-0.010466465726494789,0.0,0.09620006382465363,1.0
189,0.45599570870399475,0.3751485049724579,0.16885575652122498,2.0,694,0.0,1.3787574768066406,0.0,-1.3702472489995898e-09,1.0,-0.009852089919149876,0.0,0.09419989585876465,1.0
190,0.47417140007019043,0.3572674095630646,0.16856122016906738,2.0,694,0.0,1.3807615041732788,0.0,-1.0372771530597902e-09,1.0,-0.009265564382076263,0.0,0.09224104881286621,1.0
191,0.49234703183174133,0.3393862843513489,0.1682666838169098,2.0,694,0.0,1.382765531539917,0.0,-7.510658761589184e-10,1.0,-0.008706923574209213,0.0,0.09032361954450607,1.0
192,0.5105226635932922,0.32150521874427795,0.1679721474647522,2.0,694,0.0,1.3847695589065552,0.0,-3.713369611801909e-10,1.0,-0.008176171220839024,0.0,0.08844763785600662,1.0
193,0.5286982655525208,0.30362409353256226,0.1676776260137558,2.0,694,0.0,1.3867735862731934,0.0,-1.5044900880667456e-09,1.0,-0.007673301268368959,0.0,0.08661306649446487,1.0
194,0.5468728542327881,0.2857440710067749,0.1673831045627594,2.0,694,0.0,1.388777494430542,0.0,-9.075669105129691e-10,1.0,-0.007198347710072994,0.0,0.08482005447149277,1.0
195,0.5650495290756226,0.26786190271377563,0.1670885533094406,2.0,694,0.0,1.3907816410064697,0.0,-8.385498961871463e-10,1.0,-0.006751223932951689,0.0,0.08306824415922165,1.0
196,0.5832241773605347,0.2499818354845047,0.1667940318584442,2.0,694,0.0,1.3927855491638184,0.0,-3.117649471917616e-10,1.0,-0.006332038436084986,0.0,0.08135808259248734,1.0
197,0.6013997793197632,0.232100710272789,0.16649951040744781,2.0,694,0.0,1.3947895765304565,0.0,-1.4449180740783163e-09,1.0,-0.0059407115913927555,0.0,0.07968924194574356,1.0
198,0.6195753812789917,0.21421964466571808,0.16620497405529022,2.0,694,0.0,1.3967936038970947,0.0,-1.0651891590995888e-09,1.0,-0.0055772727355360985,0.0,0.07806183397769928,1.0
199,0.637751042842865,0.19633851945400238,0.16591043770313263,2.0,694,0.0,1.398797631263733,0.0,-7.78977882198717e-10,1.0,-0.005241719074547291,0.0,0.07647585868835449,1.0
200,0.6559266448020935,0.17845742404460907,0.16561590135097504,2.0,694,0.0,1.400801658630371,0.0,-4.4600778625891735e-10,1.0,-0.004934051539748907,0.0,0.0749313160777092,1.0
201,0.6741012334823608,0.16057737171649933,0.16532139480113983,2.0,694,0.0,1.4028055667877197,0.0,-1.3152078315314952e-09,1.0,-0.004654285963624716,0.0,0.07342829555273056,1.0
202,0.6922768950462341,0.14269627630710602,0.16502685844898224,2.0,694,0.0,1.404809594154358,0.0,-9.822377355916956e-10,1.0,-0.004402389749884605,0.0,0.07196661829948425,1.0
203,0.7104524970054626,0.12481515854597092,0.16473232209682465,2.0,694,0.0,1.406813621520996,0.0,-6.843367539310918e-10,1.0,-0.004178378265351057,0.0,0.07054635882377625,1.0
204,0.7286281585693359,0.1069340631365776,0.16443778574466705,2.0,694,0.0,1.4088176488876343,0.0,-3.513666579912922e-10,1.0,-0.003982254303991795,0.0,0.06916753947734833,1.0
205,0.7468037605285645,0.0890529602766037,0.16414324939250946,2.0,694,0.0,1.4108216762542725,0.0,-3.0086266811224505e-11,1.0,-0.003814015071839094,0.0,0.0678301453590393,1.0
206,0.7649783492088318,0.07117290794849396,0.16384874284267426,2.0,694,0.0,1.412825584411621,0.0,-8.992863120838024e-10,1.0,-0.003673669882118702,0.0,0.06653427332639694,1.0
207,0.783155083656311,0.05329074710607529,0.16355419158935547,2.0,694,0.0,1.4148297309875488,0.0,-8.185795929982476e-10,1.0,-0.0035611961502581835,0.0,0.06527967005968094,1.0
208,0.8013296127319336,0.035410698503255844,0.16325967013835907,2.0,694,0.0,1.4168336391448975,0.0,-2.62570382103533e-10,1.0,-0.0034766194876283407,0.0,0.06406664103269577,1.0
209,0.8195052742958069,0.017529593780636787,0.16296513378620148,2.0,694,0.0,1.4188376665115356,0.0,5.578758288660168e-11,1.0,-0.003419923596084118,0.0,0.06289497762918472,1.0
210,0.000360831618309021,0.8373181223869324,0.1623210459947586,2.0,695,0.0,1.4208416938781738,0.0,-1.7325972878623475e-09,1.0,-0.003408161224797368,0.0,0.06174728274345398,1.0
211,0.018715396523475647,0.8370398879051208,0.1442447155714035,2.0,695,0.0,1.422845721244812,0.0,-1.0150525753260808e-08,1.0,-0.004249472636729479,0.0,0.05977796018123627,1.0
212,0.037069812417030334,0.8367617726325989,0.1261684149503708,2.0,695,0.0,1.4248497486114502,0.0,-7.428630155459359e-09,1.0,-0.0050696758553385735,0.0,0.05786523222923279,1.0
213,0.05542324483394623,0.8364835977554321,0.10809315741062164,2.0,695,0.0,1.4268536567687988,0.0,-1.1803794386366917e-08,1.0,-0.005868727341294289,0.0,0.056009188294410706,1.0
214,0.0737776979804039,0.8362054824829102,0.09001681953668594,2.0,695,0.0,1.428857684135437,0.0,-9.028125802501563e-09,1.0,-0.006646720692515373,0.0,0.05420961603522301,1.0
215,0.09213216602802277,0.8359273076057434,0.07194052636623383,2.0,695,0.0,1.4308617115020752,0.0,-1.1908405816996037e-08,1.0,-0.007403605617582798,0.0,0.05246662721037865,1.0
216,0.11048661917448044,0.8356491923332214,0.053864188492298126,2.0,695,0.0,1.4328657388687134,0.0,-9.132738121309103e-09,1.0,-0.008139386773109436,0.0,0.050780221819877625,1.0
217,0.1288410723209381,0.8353710770606995,0.03578785061836243,2.0,695,0.0,1.4348697662353516,0.0,-6.357069537443749e-09,1.0,-0.008854060433804989,0.0,0.04915039613842964,1.0
218,0.14719554781913757,0.8350929021835327,0.01771155744791031,2.0,695,0.0,1.4368737936019897,0.0,-9.237349551938223e-09,1.0,-0.009547626599669456,0.0,0.047577153891325,1.0
219,0.16518068313598633,0.000372349692042917,0.8344469666481018,2.0,1500,0.0,1.438877820968628,0.0,1.298619101142151e-09,1.0,-0.010202387347817421,0.0,0.046041976660490036,1.0
220,0.16523855924606323,0.01882152073085308,0.8159399032592773,2.0,1500,0.0,1.4408817291259766,0.0,-8.704689413718825e-09,1.0,-0.009987511672079563,0.0,0.04366078972816467,1.0
221,0.16529637575149536,0.03727176412940025,0.7974318861961365,2.0,1500,0.0,1.4428857564926147,0.0,-7.259215895061288e-09,1.0,-0.009773025289177895,0.0,0.04132921248674393,1.0
222,0.16535413265228271,0.05572205409407616,0.7789238095283508,2.0,1500,0.0,1.444889783859253,0.0,-7.02318292411519e-09,1.0,-0.009558936581015587,0.0,0.03904736787080765,1.0
223,0.16541194915771484,0.07417234033346176,0.7604157328605652,2.0,1500,0.0,1.4468938112258911,0.0,-7.137708646354213e-09,1.0,-0.009345246478915215,0.0,0.03681526333093643,1.0
224,0.16546964645385742,0.09262260794639587,0.7419077157974243,2.0,1500,0.0,1.4488978385925293,0.0,-3.413604954261018e-09,1.0,-0.009131954982876778,0.0,0.03463290259242058,1.0
225,0.16552752256393433,0.11107178032398224,0.7234007120132446,2.0,1500,0.0,1.450901746749878,0.0,-7.699510362613182e-09,1.0,-0.008919074200093746,0.0,0.03250040113925934,1.0
226,0.1655852198600769,0.12952207028865814,0.7048926949501038,2.0,1500,0.0,1.4529057741165161,0.0,-1.8720569538999143e-09,1.0,-0.008706580847501755,0.0,0.030417516827583313,1.0
227,0.1656430959701538,0.14797233045101166,0.6863845586776733,2.0,1500,0.0,1.4549098014831543,0.0,-1.0031912189845116e-08,1.0,-0.008494483307003975,0.0,0.028384365141391754,1.0
228,0.16570085287094116,0.16642260551452637,0.6678765416145325,2.0,1500,0.0,1.4569138288497925,0.0,-5.606691999560098e-09,1.0,-0.00828278623521328,0.0,0.026400962844491005,1.0
229,0.1657586693763733,0.18487289547920227,0.6493684649467468,2.0,1500,0.0,1.4589178562164307,0.0,-5.370659028614e-09,1.0,-0.00807148776948452,0.0,0.02446729503571987,1.0
230,0.16581648588180542,0.2033231556415558,0.6308603882789612,2.0,1500,0.0,1.4609218835830688,0.0,-7.939093826792032e-09,1.0,-0.007860586978495121,0.0,0.0225833673030138,1.0
231,0.16587424278259277,0.2217734307050705,0.6123523116111755,2.0,1500,0.0,1.462925910949707,0.0,-9.105294296318789e-09,1.0,-0.007650085259228945,0.0,0.020749179646372795,1.0
232,0.16593199968338013,0.24022261798381805,0.5938453674316406,2.0,1500,0.0,1.4649298191070557,0.0,-6.397545604386323e-09,1.0,-0.007439994718879461,0.0,0.01896483823657036,1.0
233,0.16598981618881226,0.25867289304733276,0.575337290763855,2.0,1500,0.0,1.4669338464736938,0.0,-7.56374607391308e-09,1.0,-0.007230289746075869,0.0,0.01723012886941433,1.0
234,0.16604763269424438,0.2771231532096863,0.5568292140960693,2.0,1500,0.0,1.468937873840332,0.0,-1.0132180428001902e-08,1.0,-0.007020983844995499,0.0,0.015545157715678215,1.0
235,0.16610532999038696,0.2955734431743622,0.5383211970329285,2.0,1500,0.0,1.4709419012069702,0.0,-4.3047267972440295e-09,1.0,-0.006812076084315777,0.0,0.013909932225942612,1.0
236,0.1661631464958191,0.3140237033367157,0.5198131203651428,2.0,1500,0.0,1.4729459285736084,0.0,-6.873161151332852e-09,1.0,-0.006603567395359278,0.0,0.012324441224336624,1.0
237,0.16622090339660645,0.33247289061546326,0.5013061761856079,2.0,1500,0.0,1.474949836730957,0.0,-4.165412015311176e-09,1.0,-0.006395469419658184,0.0,0.010788782499730587,1.0
238,0.16627871990203857,0.3509242534637451,0.4827970266342163,2.0,1500,0.0,1.4769539833068848,0.0,-3.614141430574591e-09,1.0,-0.0061877453699707985,0.0,0.009302684105932713,1.0
239,0.1663365364074707,0.3693734407424927,0.4642900228500366,2.0,1500,0.0,1.4789578914642334,0.0,-6.49781384254311e-09,1.0,-0.005980444140732288,0.0,0.007866495288908482,1.0
240,0.16639435291290283,0.3878237009048462,0.445781946182251,2.0,1500,0.0,1.4809619188308716,0.0,-9.066248196631932e-09,1.0,-0.005773528944700956,0.0,0.006479961331933737,1.0
241,0.16645213961601257,0.4062739908695221,0.4272738993167877,2.0,1500,0.0,1.4829659461975098,0.0,-6.0345044516907365e-09,1.0,-0.005567013286054134,0.0,0.005143169313669205,1.0
242,0.16650986671447754,0.424724280834198,0.40876585245132446,2.0,1500,0.0,1.484969973564148,0.0,-3.002761150838751e-09,1.0,-0.005360895302146673,0.0,0.0038561183027923107,1.0
243,0.16656771302223206,0.4431745111942291,0.3902578055858612,2.0,1500,0.0,1.4869740009307861,0.0,-5.5799520559673965e-09,1.0,-0.005155176389962435,0.0,0.002618805505335331,1.0
244,0.1666254699230194,0.4616237282752991,0.3717508018016815,2.0,1500,0.0,1.4889779090881348,0.0,-5.6591571429009946e-09,1.0,-0.004949867259711027,0.0,0.0014312997227534652,1.0
245,0.16668319702148438,0.480074018239975,0.35324275493621826,2.0,1500,0.0,1.490981936454773,0.0,-2.627413842049009e-09,1.0,-0.004744945093989372,0.0,0.0002934662625193596,1.0
246,0.1667410433292389,0.4985242486000061,0.334734708070755,2.0,1500,0.0,1.4929859638214111,0.0,-5.204604747177655e-09,1.0,-0.004540422465652227,0.0,-0.0007946297409944236,1.0
247,0.16679880023002625,0.5169745683670044,0.31622663140296936,2.0,1500,0.0,1.4949899911880493,0.0,-2.1641048952858455e-09,1.0,-0.004336297046393156,0.0,-0.0018329857848584652,1.0
248,0.16685661673545837,0.5354248285293579,0.2977185547351837,2.0,1500,0.0,1.4969940185546875,0.0,-4.732539249374668e-09,1.0,-0.0041325706988573074,0.0,-0.0028216028586030006,1.0
249,0.16691440343856812,0.5538750886917114,0.27921050786972046,2.0,1500,0.0,1.4989980459213257,0.0,-4.505262829468393e-09,1.0,-0.003929242957383394,0.0,-0.0037604779936373234,1.0
250,0.16697219014167786,0.5723253488540649,0.2607024610042572,2.0,1500,0.0,1.5010020732879639,0.0,-4.277986853651328e-09,1.0,-0.0037263138219714165,0.0,-0.004649613052606583,1.0
251,0.1670299917459488,0.5907745361328125,0.2421954721212387,2.0,1500,0.0,1.5030059814453125,0.0,-5.763803656577693e-09,1.0,-0.003523794934153557,0.0,-0.005488962400704622,1.0
252,0.16708779335021973,0.609224796295166,0.22368741035461426,2.0,1500,0.0,1.5050100088119507,0.0,-6.9343828457135714e-09,1.0,-0.00332166301086545,0.0,-0.00627862149849534,1.0
253,0.16714555025100708,0.6276751160621643,0.2051793336868286,2.0,1500,0.0,1.5070140361785889,0.0,-3.893882993821762e-09,1.0,-0.003119928762316704,0.0,-0.007018540054559708,1.0
254,0.16720335185527802,0.6461253762245178,0.18667127192020416,2.0,1500,0.0,1.509018063545227,0.0,-5.064461738868431e-09,1.0,-0.002918593818321824,0.0,-0.007708719465881586,1.0
255,0.16726107895374298,0.6645756959915161,0.1681632250547409,2.0,1500,0.0,1.5110220909118652,0.0,7.717485539515678e-10,1.0,-0.0027176570147275925,0.0,-0.008349155075848103,1.0
256,0.1673189103603363,0.6830248236656189,0.1496562659740448,2.0,1500,0.0,1.5130259990692139,0.0,-3.527292236071844e-09,1.0,-0.0025171313900500536,0.0,-0.00893982220441103,1.0
257,0.16737675666809082,0.7014761567115784,0.1311470866203308,2.0,1500,0.0,1.5150301456451416,0.0,-8.576199306276067e-09,1.0,-0.002316980389878154,0.0,-0.009480818174779415,1.0
258,0.16743452847003937,0.7199253439903259,0.1126401275396347,2.0,1500,0.0,1.5170340538024902,0.0,-7.266305779296545e-09,1.0,-0.002117251278832555,0.0,-0.009972008876502514,1.0
259,0.16749227046966553,0.7383756637573242,0.09413207322359085,2.0,1500,0.0,1.5190380811691284,0.0,-2.1290227358861102e-09,1.0,-0.0019179085502400994,0.0,-0.010413488373160362,1.0
260,0.16755008697509766,0.7568259239196777,0.0756239965558052,2.0,1500,0.0,1.5210421085357666,0.0,-4.697457089974932e-09,1.0,-0.0017189648933708668,0.0,-0.01080523245036602,1.0
261,0.167607843875885,0.7752751111984253,0.0571170374751091,2.0,1500,0.0,1.5230460166931152,0.0,-3.3875633409508055e-09,1.0,-0.0015204311348497868,0.0,-0.011147214099764824,1.0
262,0.16766567528247833,0.7937264442443848,0.0386078841984272,2.0,1500,0.0,1.525050163269043,0.0,-5.990223872487377e-09,1.0,-0.001322273281402886,0.0,-0.011439497582614422,1.0
263,0.16772344708442688,0.8121756315231323,0.020100923255085945,2.0,1500,0.0,1.5270540714263916,0.0,-4.85506213010467e-09,1.0,-0.0011245367350056767,0.0,-0.011682005599141121,1.0
264,0.16778123378753662,0.8306258916854858,0.0015928682405501604,2.0,1500,0.0,1.5290580987930298,0.0,-5.392237767409824e-09,1.0,-0.0009271871531382203,0.0,-0.0118747903034091,1.0
265,0.833120584487915,0.15139995515346527,0.015479473397135735,2.0,985,0.0,1.531062126159668,0.0,-4.4199616189288804e-10,1.0,-0.0007989334990270436,0.0,-0.010982624255120754,1.0
266,0.8341127038002014,0.13347071409225464,0.03241659328341484,2.0,985,0.0,1.5330661535263062,0.0,2.6314402046256902e-11,1.0,-0.0006724686245433986,0.0,-0.010021001100540161,1.0
267,0.8351048231124878,0.1155414804816246,0.049353718757629395,2.0,985,0.0,1.5350701808929443,0.0,-7.631311138567298e-10,1.0,-0.00054109439952299,0.0,-0.009090897627174854,1.0
268,0.8360968232154846,0.09761330485343933,0.06628982722759247,2.0,985,0.0,1.537074089050293,0.0,1.9718945920566e-10,1.0,-0.0004048188275191933,0.0,-0.008192364126443863,1.0
269,0.8370890617370605,0.07968299835920334,0.08322795480489731,2.0,985,0.0,1.5390782356262207,0.0,5.445829343031505e-10,1.0,-0.00026361719937995076,0.0,-0.0073252455331385136,1.0
270,0.8380811214447021,0.06175483018159866,0.10016407072544098,2.0,985,0.0,1.5410821437835693,0.0,6.160096044371954e-11,1.0,-0.00011752338468795642,0.0,-0.006489747203886509,1.0
271,0.8390732407569885,0.04382559284567833,0.11710119247436523,2.0,985,0.0,1.5430861711502075,0.0,-6.193288937250685e-12,1.0,3.3488511689938605e-05,0.0,-0.005685716401785612,1.0
272,0.8400653004646301,0.025896355509757996,0.1340383142232895,2.0,985,0.0,1.5450901985168457,0.0,-7.398753831822091e-11,1.0,0.00018940975132863969,0.0,-0.004913204349577427,1.0
273,0.8410574197769165,0.007968181744217873,0.15097442269325256,2.0,985,0.0,1.5470941066741943,0.0,7.110538269294864e-10,1.0,0.0003502311010379344,0.0,-0.004172253888100386,1.0
274,0.15846872329711914,0.01216138992458582,0.8293699026107788,2.0,693,0.0,1.549098253250122,0.0,6.612003833339486e-09,1.0,0.001061398652382195,0.0,-0.008250679820775986,1.0
275,0.1584094762802124,0.03404738008975983,0.807543158531189,2.0,693,0.0,1.5511021614074707,0.0,7.281059755115393e-09,1.0,0.002207576297223568,0.0,-0.015950219705700874,1.0
276,0.15835022926330566,0.055935971438884735,0.785713791847229,2.0,693,0.0,1.5531063079833984,0.0,5.114976442399666e-09,1.0,0.0033510723151266575,0.0,-0.023374784737825394,1.0
277,0.15829098224639893,0.07782196253538132,0.7638870477676392,2.0,693,0.0,1.555110216140747,0.0,5.876553910155735e-09,1.0,0.004491614643484354,0.0,-0.03052261471748352,1.0
278,0.15823179483413696,0.09970922768115997,0.7420589923858643,2.0,693,0.0,1.5571142435073853,0.0,2.583682601198234e-09,1.0,0.005629407241940498,0.0,-0.03739499673247337,1.0
279,0.15817248821258545,0.12159649282693863,0.7202309966087341,2.0,693,0.0,1.5591182708740234,0.0,5.228296462433946e-09,1.0,0.006764379795640707,0.0,-0.04399150609970093,1.0
280,0.15811336040496826,0.14348247647285461,0.6984041929244995,2.0,693,0.0,1.561122179031372,0.0,-6.877882152700465e-10,1.0,0.007896472699940205,0.0,-0.05031178891658783,1.0
281,0.15805411338806152,0.16537107527256012,0.6765748262405396,2.0,693,0.0,1.5631263256072998,0.0,-2.1136945527189255e-09,1.0,0.009025880135595798,0.0,-0.05635693296790123,1.0
282,0.15799480676651,0.1872570812702179,0.6547481417655945,2.0,693,0.0,1.5651302337646484,0.0,6.065722590875566e-09,1.0,0.010152334347367287,0.0,-0.06212550774216652,1.0
283,0.15793555974960327,0.20914436876773834,0.6329200863838196,2.0,693,0.0,1.5671342611312866,0.0,4.99338126402904e-09,1.0,0.011276038363575935,0.0,-0.06761855632066727,1.0
284,0.15787631273269653,0.23103167116641998,0.6110920310020447,2.0,693,0.0,1.5691382884979248,0.0,5.401393998738513e-09,1.0,0.012396925128996372,0.0,-0.07283573597669601,1.0
285,0.1578170657157898,0.25291895866394043,0.5892639756202698,2.0,693,0.0,1.571142315864563,0.0,4.329052671891986e-09,1.0,0.013514993712306023,0.0,-0.07777703553438187,1.0
286,0.15775775909423828,0.2748062312602997,0.5674359798431396,2.0,693,0.0,1.5731463432312012,0.0,7.713843785950303e-09,1.0,0.014630240388214588,0.0,-0.08244246244430542,1.0
287,0.15769857168197632,0.29669222235679626,0.545609176158905,2.0,693,0.0,1.5751502513885498,0.0,2.5379356394239494e-09,1.0,0.01574261114001274,0.0,-0.08683177828788757,1.0
288,0.15763932466506958,0.3185808062553406,0.5237798690795898,2.0,693,0.0,1.5771543979644775,0.0,5.56916157634646e-09,1.0,0.01685229130089283,0.0,-0.09094572067260742,1.0
289,0.15758007764816284,0.34046679735183716,0.501953125,2.0,693,0.0,1.5791583061218262,0.0,6.330739044102529e-09,1.0,0.017959022894501686,0.0,-0.09478332102298737,1.0
290,0.15752089023590088,0.3623540699481964,0.4801250696182251,2.0,693,0.0,1.5811623334884644,0.0,3.778044543878423e-09,1.0,0.019063007086515427,0.0,-0.09834528714418411,1.0
291,0.15746164321899414,0.38424137234687805,0.4582970142364502,2.0,693,0.0,1.5831663608551025,0.0,4.186056834498686e-09,1.0,0.02016417123377323,0.0,-0.10163138061761856,1.0
292,0.1574023962020874,0.40612736344337463,0.43647027015686035,2.0,693,0.0,1.5851702690124512,0.0,4.947634746343965e-09,1.0,0.021262450143694878,0.0,-0.10464143007993698,1.0
293,0.15734314918518066,0.42801594734191895,0.4146409034729004,2.0,693,0.0,1.587174415588379,0.0,2.0413746248948428e-09,1.0,0.022358043119311333,0.0,-0.10737594962120056,1.0
294,0.15728387236595154,0.4499019384384155,0.39281418919563293,2.0,693,0.0,1.5891783237457275,0.0,5.7716951218367285e-09,1.0,0.023450683802366257,0.0,-0.10983429104089737,1.0
295,0.1572246253490448,0.4717892110347748,0.37098613381385803,2.0,693,0.0,1.5911823511123657,0.0,3.219000399568017e-09,1.0,0.024540573358535767,0.0,-0.11201690137386322,1.0
296,0.15716537833213806,0.4936765134334564,0.34915807843208313,2.0,693,0.0,1.593186378479004,0.0,3.6270129122328854e-09,1.0,0.02562764845788479,0.0,-0.11392365396022797,1.0
297,0.1571061909198761,0.5155637860298157,0.3273300230503082,2.0,693,0.0,1.595190405845642,0.0,1.074318189964174e-09,1.0,0.02671191096305847,0.0,-0.11555454134941101,1.0
298,0.15704691410064697,0.5374510884284973,0.3055019974708557,2.0,693,0.0,1.5971944332122803,0.0,4.451073287725649e-09,1.0,0.027793345972895622,0.0,-0.11690954864025116,1.0
299,0.15698766708374023,0.5593370795249939,0.28367525339126587,2.0,693,0.0,1.599198341369629,0.0,5.212651199570928e-09,1.0,0.028871901333332062,0.0,-0.11798863112926483,1.0
300,0.1569284200668335,0.5812256932258606,0.2618458867073059,2.0,693,0.0,1.6012024879455566,0.0,5.267098757144595e-09,1.0,0.02994777075946331,0.0,-0.11879195272922516,1.0
301,0.15686917304992676,0.6031116843223572,0.24001914262771606,2.0,693,0.0,1.6032063961029053,0.0,6.028676224900664e-09,1.0,0.031020691618323326,0.0,-0.11931932717561722,1.0
302,0.1568099856376648,0.624998927116394,0.21819108724594116,2.0,693,0.0,1.6052104234695435,0.0,5.15274156676071e-10,1.0,0.032090865075588226,0.0,-0.11957085877656937,1.0
303,0.15675072371959686,0.6468862295150757,0.19636304676532745,2.0,693,0.0,1.6072144508361816,0.0,2.407658072911545e-09,1.0,0.03315821290016174,0.0,-0.11954652518033981,1.0
304,0.15669146180152893,0.6687722206115723,0.1745363175868988,2.0,693,0.0,1.6092183589935303,0.0,4.653607277305127e-09,1.0,0.03422268107533455,0.0,-0.11924634873867035,1.0
305,0.156632199883461,0.690660834312439,0.15270696580410004,2.0,693,0.0,1.611222505569458,0.0,6.1924261274270975e-09,1.0,0.03528445586562157,0.0,-0.11867024749517441,1.0
306,0.15657301247119904,0.7125467658042908,0.1308802217245102,2.0,693,0.0,1.6132264137268066,0.0,1.032589125316008e-09,1.0,0.0363432951271534,0.0,-0.11781835556030273,1.0
307,0.1565137505531311,0.7344340682029724,0.10905217379331589,2.0,693,0.0,1.6152304410934448,0.0,2.1827872842550278e-09,1.0,0.037399373948574066,0.0,-0.11669055372476578,1.0
308,0.1564544439315796,0.7563214302062988,0.08722411841154099,2.0,693,0.0,1.617234468460083,0.0,8.51221404474245e-09,1.0,0.0384526289999485,0.0,-0.11528687924146652,1.0
309,0.15639525651931763,0.7782086730003357,0.06539607793092728,2.0,693,0.0,1.6192384958267212,0.0,4.483183602133067e-09,1.0,0.039503078907728195,0.0,-0.11360733211040497,1.0
310,0.15633603930473328,0.8000959157943726,0.04356803745031357,2.0,693,0.0,1.6212425231933594,0.0,4.5415315952368474e-10,1.0,0.04055070877075195,0.0,-0.11165191233158112,1.0
311,0.15627673268318176,0.8219819664955139,0.021741298958659172,2.0,693,0.0,1.623246431350708,0.0,7.693784276341376e-09,1.0,0.041595444083213806,0.0,-0.1094207689166069,1.0
312,0.8437432646751404,0.1561681479215622,8.857702778186649e-05,2.0,1626,0.0,1.6252505779266357,0.0,-1.65467951840359e-11,1.0,0.042623355984687805,0.0,-0.10691772401332855,1.0
313,0.8340960741043091,0.14385972917079926,0.022044172510504723,2.0,1626,0.0,1.6272544860839844,0.0,-1.3961749534274759e-09,1.0,0.040173884481191635,0.0,-0.10536656528711319,1.0
314,0.8244483470916748,0.13155056536197662,0.04400107264518738,2.0,1626,0.0,1.6292585134506226,0.0,-1.4184846630627135e-09,1.0,0.03776053339242935,0.0,-0.1038917675614357,1.0
315,0.8148006200790405,0.11924140155315399,0.06595797091722488,2.0,1626,0.0,1.6312625408172607,0.0,-1.3370574647453282e-09,1.0,0.0353834442794323,0.0,-0.10249341279268265,1.0
316,0.8051528930664062,0.10693223029375076,0.08791487663984299,2.0,1626,0.0,1.633266568183899,0.0,-9.304009229715859e-10,1.0,0.03304262086749077,0.0,-0.10117150098085403,1.0
317,0.795505166053772,0.09462306648492813,0.1098717674612999,2.0,1626,0.0,1.635270595550537,0.0,-4.3402642591061635e-10,1.0,0.030738061293959618,0.0,-0.09992603957653046,1.0
318,0.7858580350875854,0.082314632833004,0.13182736933231354,2.0,1626,0.0,1.6372745037078857,0.0,-6.890858439412284e-10,1.0,0.028469903394579887,0.0,-0.09875708818435669,1.0
319,0.7762096524238586,0.07000473886728287,0.1537855714559555,2.0,1626,0.0,1.6392786502838135,0.0,-6.861195500640349e-10,1.0,0.026237737387418747,0.0,-0.09766443073749542,1.0
320,0.7665625810623169,0.05769630894064903,0.17574116587638855,2.0,1626,0.0,1.641282558441162,0.0,-8.963200182066089e-10,1.0,0.02404210716485977,0.0,-0.09664837270975113,1.0
321,0.7569147944450378,0.0453871451318264,0.19769805669784546,2.0,1626,0.0,1.6432865858078003,0.0,-3.999455211456393e-10,1.0,0.02188260480761528,0.0,-0.09570866823196411,1.0
322,0.7472670674324036,0.03307797759771347,0.21965497732162476,2.0,1626,0.0,1.6452906131744385,0.0,-1.1932720367369143e-09,1.0,0.019759370014071465,0.0,-0.09484542906284332,1.0
323,0.7376198768615723,0.020769555121660233,0.2416105717420578,2.0,1626,0.0,1.647294521331787,0.0,-2.143649480146337e-09,1.0,0.017672521993517876,0.0,-0.09405867010354996,1.0
324,0.727971613407135,0.008459649048745632,0.2635687589645386,2.0,1626,0.0,1.6492986679077148,0.0,-1.0800098315666418e-10,1.0,0.015621693804860115,0.0,-0.09334827214479446,1.0
325,0.2826893925666809,0.004247613251209259,0.7130630016326904,2.0,419,0.0,1.6513025760650635,0.0,-3.4878862020804036e-09,1.0,0.01382902916520834,0.0,-0.09316640347242355,1.0
326,0.295579195022583,0.017832228913903236,0.6865885853767395,2.0,419,0.0,1.6533066034317017,0.0,-1.3399246157064226e-09,1.0,0.012552239000797272,0.0,-0.09422898292541504,1.0
327,0.3084690570831299,0.031416844576597214,0.6601141095161438,2.0,419,0.0,1.6553106307983398,0.0,-2.5115420854149306e-09,1.0,0.011300240643322468,0.0,-0.09563379734754562,1.0
328,0.32135891914367676,0.04500145837664604,0.6336396336555481,2.0,419,0.0,1.657314658164978,0.0,-3.885327615194001e-09,1.0,0.010073035955429077,0.0,-0.09738083928823471,1.0
329,0.33424878120422363,0.05858607217669487,0.6071651577949524,2.0,419,0.0,1.6593186855316162,0.0,-5.259113144973071e-09,1.0,0.00887062307447195,0.0,-0.0994701087474823,1.0
330,0.34713780879974365,0.07216989248991013,0.5806922912597656,2.0,419,0.0,1.6613225936889648,0.0,-3.1278901690967587e-09,1.0,0.007693074177950621,0.0,-0.10190144926309586,1.0
331,0.3600284457206726,0.08575530350208282,0.5542162656784058,2.0,419,0.0,1.6633267402648926,0.0,-4.282768806262993e-09,1.0,0.006540179718285799,0.0,-0.10467533767223358,1.0
332,0.3729175329208374,0.09933912754058838,0.5277433395385742,2.0,419,0.0,1.6653306484222412,0.0,-5.066788766328045e-09,1.0,0.005412211641669273,0.0,-0.10779109597206116,1.0
333,0.3858073353767395,0.11292374134063721,0.5012689232826233,2.0,419,0.0,1.6673346757888794,0.0,-3.1209954620692315e-09,1.0,0.004308972042053938,0.0,-0.11124926060438156,1.0
334,0.398697167634964,0.12650835514068604,0.47479447722435,2.0,419,0.0,1.6693387031555176,0.0,-2.8349913527847548e-09,1.0,0.00323052448220551,0.0,-0.11504964530467987,1.0
335,0.4115862548351288,0.1400921642780304,0.4483216106891632,2.0,419,0.0,1.6713426113128662,0.0,-1.9167774034656304e-09,1.0,0.0021769318263977766,0.0,-0.11919201910495758,1.0
336,0.42447686195373535,0.1536775827407837,0.42184555530548096,2.0,419,0.0,1.673346757888794,0.0,-3.922773217368558e-09,1.0,0.001148007228039205,0.0,-0.12367711961269379,1.0
337,0.43736594915390015,0.16726139187812805,0.3953726887702942,2.0,419,0.0,1.6753506660461426,0.0,-3.004558823960224e-09,1.0,0.00014399744395632297,0.0,-0.1285039186477661,1.0
338,0.450255811214447,0.18084600567817688,0.3688982129096985,2.0,419,0.0,1.6773546934127808,0.0,-4.378344353739294e-09,1.0,-0.0008352809236384928,0.0,-0.13367320597171783,1.0
339,0.4631456136703491,0.1944306343793869,0.3424237370491028,2.0,419,0.0,1.679358720779419,0.0,-4.134784958864657e-09,1.0,-0.0017897646175697446,0.0,-0.13918471336364746,1.0
340,0.4760354459285736,0.20801524817943573,0.31594929099082947,2.0,419,0.0,1.6813627481460571,0.0,-3.84878084958018e-09,1.0,-0.0027194551657885313,0.0,-0.1450384557247162,1.0
341,0.4889252781867981,0.22159986197948456,0.28947484493255615,2.0,419,0.0,1.6833667755126953,0.0,-3.562777184384913e-09,1.0,-0.0036243528593331575,0.0,-0.15123441815376282,1.0
342,0.5018143653869629,0.23518367111682892,0.263001948595047,2.0,419,0.0,1.685370683670044,0.0,-4.304352430040126e-09,1.0,-0.004504406824707985,0.0,-0.1577722281217575,1.0
343,0.5147049427032471,0.2487691044807434,0.23652592301368713,2.0,419,0.0,1.6873748302459717,0.0,-3.033213680225799e-09,1.0,-0.005359768867492676,0.0,-0.16465304791927338,1.0
344,0.5275940299034119,0.26235291361808777,0.21005304157733917,2.0,419,0.0,1.6893787384033203,0.0,-2.9448943283938434e-09,1.0,-0.006190239917486906,0.0,-0.17187528312206268,1.0
345,0.540483832359314,0.2759375274181366,0.18357859551906586,2.0,419,0.0,1.6913827657699585,0.0,-2.6588904411539716e-09,1.0,-0.006995965261012316,0.0,-0.17944014072418213,1.0
346,0.5533736944198608,0.2895221412181854,0.15710411965847015,2.0,419,0.0,1.6933867931365967,0.0,-4.032675970933042e-09,1.0,-0.007776900660246611,0.0,-0.18734723329544067,1.0
347,0.5662628412246704,0.3031059503555298,0.1306312382221222,2.0,419,0.0,1.6953907012939453,0.0,-3.944356397056481e-09,1.0,-0.008533001877367496,0.0,-0.1955960988998413,1.0
348,0.5791534185409546,0.3166913688182831,0.10415520519018173,2.0,419,0.0,1.697394847869873,0.0,-4.7055102037063534e-09,1.0,-0.009264392778277397,0.0,-0.20418813824653625,1.0
349,0.5920425057411194,0.33027517795562744,0.07768232375383377,2.0,419,0.0,1.6993987560272217,0.0,-4.617190629829793e-09,1.0,-0.009970907121896744,0.0,-0.21312138438224792,1.0
350,0.6049330830574036,0.34386059641838074,0.05120628699660301,2.0,419,0.0,1.7014029026031494,0.0,-5.585818030340306e-09,1.0,-0.010652708820998669,0.0,-0.22239792346954346,1.0
351,0.6178221702575684,0.3574444353580475,0.0247334036976099,2.0,419,0.0,1.703406810760498,0.0,-2.3665454040866507e-09,1.0,-0.011309639550745487,0.0,-0.23201560974121094,1.0
352,0.0013924241065979004,0.36948952078819275,0.629118025302887,2.0,1131,0.0,1.7054108381271362,0.0,6.289604392861747e-10,1.0,-0.011891603469848633,0.0,-0.2413100302219391,1.0
353,0.02256566286087036,0.35966381430625916,0.6177704930305481,2.0,1131,0.0,1.7074148654937744,0.0,2.5375148648976165e-09,1.0,-0.011746186763048172,0.0,-0.24136531352996826,1.0
354,0.043737709522247314,0.34983864426612854,0.6064236760139465,2.0,1131,0.0,1.709418773651123,0.0,-3.757557875960771e-10,1.0,-0.01159603614360094,0.0,-0.24153749644756317,1.0
355,0.06491219997406006,0.3400123417377472,0.5950754880905151,2.0,1131,0.0,1.7114229202270508,0.0,-1.1475639882796429e-10,1.0,-0.011441115289926529,0.0,-0.24182656407356262,1.0
356,0.08608412742614746,0.33018723130226135,0.5837286710739136,2.0,1131,0.0,1.7134268283843994,0.0,4.3915085456980307e-10,1.0,-0.011281464248895645,0.0,-0.24223250150680542,1.0
357,0.10725730657577515,0.32036152482032776,0.5723811984062195,2.0,1131,0.0,1.7154308557510376,0.0,-6.544969011201829e-10,1.0,-0.0111170569434762,0.0,-0.24275533854961395,1.0
358,0.1284305453300476,0.31053581833839417,0.5610336661338806,2.0,1131,0.0,1.7174348831176758,0.0,1.2540575244912588e-09,1.0,-0.010947898030281067,0.0,-0.24339507520198822,1.0
359,0.14960378408432007,0.30071011185646057,0.5496861338615417,2.0,1131,0.0,1.719438910484314,0.0,3.1626119501027006e-09,1.0,-0.01077399030327797,0.0,-0.24415171146392822,1.0
360,0.17077696323394775,0.290884405374527,0.5383386611938477,2.0,1131,0.0,1.7214429378509521,0.0,2.0689641111459878e-09,1.0,-0.010595337487757206,0.0,-0.24502523243427277,1.0
361,0.19194889068603516,0.28105926513671875,0.5269918441772461,2.0,1131,0.0,1.7234468460083008,0.0,8.892824254758125e-10,1.0,-0.010411947034299374,0.0,-0.24601556360721588,1.0
362,0.2131233811378479,0.2712329626083374,0.5156436562538147,2.0,1131,0.0,1.7254509925842285,0.0,1.1502818697550765e-09,1.0,-0.010223784483969212,0.0,-0.24712292850017548,1.0
363,0.2342953085899353,0.2614078223705292,0.5042968392372131,2.0,1131,0.0,1.7274549007415771,0.0,-2.939989918182562e-11,1.0,-0.010030897334218025,0.0,-0.24834704399108887,1.0
364,0.25546854734420776,0.2515821158885956,0.49294930696487427,2.0,1131,0.0,1.7294589281082153,0.0,1.879154609696343e-09,1.0,-0.009833247400820255,0.0,-0.24968813359737396,1.0
365,0.2766418159008026,0.2417563796043396,0.4816018044948578,2.0,1131,0.0,1.7314629554748535,0.0,5.530188529334623e-10,1.0,-0.00963085237890482,0.0,-0.251146137714386,1.0
366,0.29781374335289,0.23193126916885376,0.4702549874782562,2.0,1131,0.0,1.7334668636322021,0.0,1.1069261063312297e-09,1.0,-0.009423719719052315,0.0,-0.2527208924293518,1.0
367,0.31898820400238037,0.2221049666404724,0.4589068293571472,2.0,1131,0.0,1.7354710102081299,0.0,-1.3317558167358357e-10,1.0,-0.00921181496232748,0.0,-0.25441277027130127,1.0
368,0.34016016125679016,0.21227984130382538,0.44755998253822327,2.0,1131,0.0,1.7374749183654785,0.0,1.0550382789631385e-09,1.0,-0.008995183743536472,0.0,-0.25622129440307617,1.0
369,0.3613334596157074,0.2024541050195694,0.4362124502658844,2.0,1131,0.0,1.7394789457321167,0.0,1.2300037655066376e-09,1.0,-0.00877379346638918,0.0,-0.25814688205718994,1.0
370,0.3825066387653351,0.1926283985376358,0.4248649775981903,2.0,1131,0.0,1.7414829730987549,0.0,1.363559681832882e-10,1.0,-0.008547655306756496,0.0,-0.26018932461738586,1.0
371,0.40367987751960754,0.1828026920557022,0.41351744532585144,2.0,1131,0.0,1.743487000465393,0.0,2.044910463183669e-09,1.0,-0.0083167664706707,0.0,-0.26234865188598633,1.0
372,0.42485305666923523,0.17297698557376862,0.40216997265815735,2.0,1131,0.0,1.7454910278320312,0.0,9.512626242269562e-10,1.0,-0.008081131614744663,0.0,-0.26462486386299133,1.0
373,0.446025013923645,0.1631518304347992,0.3908231258392334,2.0,1131,0.0,1.7474949359893799,0.0,4.0588751804016e-10,1.0,-0.007840761914849281,0.0,-0.26701781153678894,1.0
374,0.4671994745731354,0.15332555770874023,0.3794749677181244,2.0,1131,0.0,1.7494990825653076,0.0,8.99374796858865e-10,1.0,-0.00759561313316226,0.0,-0.26952800154685974,1.0
375,0.4883714020252228,0.143500417470932,0.3681281507015228,2.0,1131,0.0,1.7515029907226562,0.0,-2.803069443224615e-10,1.0,-0.007345747668296099,0.0,-0.27215471863746643,1.0
376,0.5095446109771729,0.1336747109889984,0.35678064823150635,2.0,1131,0.0,1.7535070180892944,0.0,1.2714637676047857e-10,1.0,-0.007091117557138205,0.0,-0.274898499250412,1.0
377,0.5307178497314453,0.12384899705648422,0.34543314576148987,2.0,1131,0.0,1.7555110454559326,0.0,1.0120245613753909e-10,1.0,-0.006831739097833633,0.0,-0.2777591943740845,1.0
378,0.5518898367881775,0.114023856818676,0.3340862989425659,2.0,1131,0.0,1.7575149536132812,0.0,4.2262185417918374e-10,1.0,-0.006567627191543579,0.0,-0.2807365953922272,1.0
379,0.5730643272399902,0.10419755429029465,0.3227381110191345,2.0,1131,0.0,1.759519100189209,0.0,6.836212151917209e-10,1.0,-0.006298735272139311,0.0,-0.28383126854896545,1.0
380,0.5942362546920776,0.09437243640422821,0.31139129400253296,2.0,1131,0.0,1.7615230083465576,0.0,8.041312615780782e-10,1.0,-0.006025128066539764,0.0,-0.28704240918159485,1.0
381,0.6154094934463501,0.08454672992229462,0.3000437915325165,2.0,1131,0.0,1.7635270357131958,0.0,1.211584610416594e-09,1.0,-0.005746755283325911,0.0,-0.2903707027435303,1.0
382,0.6365827322006226,0.07472100853919983,0.2886962890625,2.0,1131,0.0,1.765531063079834,0.0,7.522433786988358e-10,1.0,-0.005463634617626667,0.0,-0.29381585121154785,1.0
383,0.657755970954895,0.06489529460668564,0.2773487865924835,2.0,1131,0.0,1.7675350904464722,0.0,7.262994650147903e-10,1.0,-0.005175765138119459,0.0,-0.29737788438796997,1.0
384,0.6789291501045227,0.05506957322359085,0.26600128412246704,2.0,1131,0.0,1.7695391178131104,0.0,2.66958316563759e-10,1.0,-0.004883147776126862,0.0,-0.30105680227279663,1.0
385,0.7001010775566101,0.045244455337524414,0.2546544671058655,2.0,1131,0.0,1.771543025970459,0.0,3.874683351945407e-10,1.0,-0.004585799295455217,0.0,-0.30485236644744873,1.0
386,0.7212755680084229,0.035418152809143066,0.24330627918243408,2.0,1131,0.0,1.7735471725463867,0.0,6.484677239626535e-10,1.0,-0.004283666145056486,0.0,-0.30876532196998596,1.0
387,0.7424474954605103,0.025593021884560585,0.23195943236351013,2.0,1131,0.0,1.7755510807037354,0.0,1.5116337070963937e-09,1.0,-0.003976820036768913,0.0,-0.31279465556144714,1.0
388,0.7636207938194275,0.015767300501465797,0.22061194479465485,2.0,1131,0.0,1.7775551080703735,0.0,3.0174196474774817e-10,1.0,-0.0036652088165283203,0.0,-0.31694120168685913,1.0
389,0.7847939729690552,0.005941589828580618,0.20926444232463837,2.0,1131,0.0,1.7795591354370117,0.0,4.654093221923006e-10,1.0,-0.0033488485496491194,0.0,-0.3212045729160309,1.0
390,0.1938697099685669,0.0037873503752052784,0.80234295129776,2.0,496,0.0,1.78156316280365,0.0,-7.287070058481504e-09,1.0,-0.002723958808928728,0.0,-0.32545801997184753,1.0
391,0.1722835898399353,0.013368167914450169,0.8143482208251953,2.0,496,0.0,1.783567190170288,0.0,-5.396479707542312e-09,1.0,-0.001658746157772839,0.0,-0.32962775230407715,1.0
392,0.15069866180419922,0.022948477417230606,0.8263528347015381,2.0,496,0.0,1.7855710983276367,0.0,-4.4657437747730455e-09,1.0,-0.0006306108552962542,0.0,-0.33390456438064575,1.0
393,0.12911128997802734,0.03252989053726196,0.8383588194847107,2.0,496,0.0,1.7875752449035645,0.0,-4.138395848229948e-09,1.0,0.00036061694845557213,0.0,-0.3382892310619354,1.0
394,0.10752648115158081,0.04211015626788139,0.8503633737564087,2.0,496,0.0,1.789579153060913,0.0,-3.447212737484051e-09,1.0,0.0013147079152986407,0.0,-0.3427807092666626,1.0
395,0.08594036102294922,0.05169099569320679,0.862368643283844,2.0,496,0.0,1.7915831804275513,0.0,-2.937946996794949e-09,1.0,0.00223183655180037,0.0,-0.34737977385520935,1.0
396,0.06435424089431763,0.06127183511853218,0.8743739128112793,2.0,496,0.0,1.7935872077941895,0.0,-2.4286814781504518e-09,1.0,0.0031119436025619507,0.0,-0.3520861864089966,1.0
397,0.04276949167251587,0.07085210084915161,0.8863784074783325,2.0,496,0.0,1.795591115951538,0.0,-4.7397001878835e-09,1.0,0.003954975865781307,0.0,-0.3568996489048004,1.0
398,0.021182119846343994,0.08043351769447327,0.8983843922615051,2.0,496,0.0,1.7975952625274658,0.0,-4.647471740781839e-09,1.0,0.004761087708175182,0.0,-0.3618210256099701,1.0
399,0.0003794953227043152,0.9100013971328735,0.08961910754442215,2.0,484,0.0,1.7995991706848145,0.0,-7.819880298853832e-10,1.0,0.005525046028196812,0.0,-0.3668276071548462,1.0
400,0.020715124905109406,0.9012349843978882,0.07804989069700241,2.0,484,0.0,1.8016031980514526,0.0,5.517341250538266e-09,1.0,0.006009434815496206,0.0,-0.37084731459617615,1.0
401,0.041050754487514496,0.8924685120582581,0.06648073345422745,2.0,484,0.0,1.8036072254180908,0.0,5.052562812579708e-09,1.0,0.006501325406134129,0.0,-0.3750515580177307,1.0
402,0.06138642877340317,0.8837020397186279,0.0549115315079689,2.0,484,0.0,1.805611252784729,0.0,6.7747341070401035e-09,1.0,0.007000722456723452,0.0,-0.3794403672218323,1.0
403,0.0817221850156784,0.8749354481697083,0.04334237053990364,2.0,484,0.0,1.8076152801513672,0.0,-1.2041482255753522e-09,1.0,0.007507622707635164,0.0,-0.3840137720108032,1.0
404,0.10205654799938202,0.8661695718765259,0.0317738801240921,2.0,484,0.0,1.8096191883087158,0.0,4.1908179149174885e-09,1.0,0.008021996356546879,0.0,-0.3887714147567749,1.0
405,0.12239352613687515,0.857402503490448,0.020203972235322,2.0,484,0.0,1.8116233348846436,0.0,1.9668258133265226e-09,1.0,0.008543938398361206,0.0,-0.3937142491340637,1.0
406,0.14272789657115936,0.8486366271972656,0.00863547995686531,2.0,484,0.0,1.8136272430419922,0.0,7.4529147298108e-09,1.0,0.009073319844901562,0.0,-0.398840993642807,1.0
407,0.16031700372695923,0.002825899748131633,0.8368570804595947,2.0,1900,0.0,1.8156312704086304,0.0,1.090624812682961e-09,1.0,0.009403535164892673,0.0,-0.4038107097148895,1.0
408,0.16982132196426392,0.013970066793262959,0.8162086009979248,2.0,1900,0.0,1.8176352977752686,0.0,-1.436105900864959e-09,1.0,0.009131873957812786,0.0,-0.40791940689086914,1.0
409,0.17932504415512085,0.025113550946116447,0.7955614328384399,2.0,1900,0.0,1.8196392059326172,0.0,-9.925456012638278e-10,1.0,0.008866235613822937,0.0,-0.4121498465538025,1.0
410,0.18882989883422852,0.036258358508348465,0.7749117612838745,2.0,1900,0.0,1.821643352508545,0.0,-3.862259401188339e-09,1.0,0.008606568910181522,0.0,-0.4165027439594269,1.0
411,0.1983335018157959,0.04740184545516968,0.7542646527290344,2.0,1900,0.0,1.8236472606658936,0.0,7.63698382311162e-10,1.0,0.00835293810814619,0.0,-0.42097705602645874,1.0
412,0.20783782005310059,0.05854601040482521,0.7336161732673645,2.0,1900,0.0,1.8256512880325317,0.0,-2.013699207381592e-09,1.0,0.008105296641588211,0.0,-0.4255736768245697,1.0
413,0.2173420786857605,0.06969013810157776,0.7129678130149841,2.0,1900,0.0,1.82765531539917,0.0,-1.5510475126490064e-09,1.0,0.007863661274313927,0.0,-0.4302922785282135,1.0
414,0.2268463373184204,0.08083430677652359,0.6923193335533142,2.0,1900,0.0,1.829659342765808,0.0,-3.882814958444669e-09,1.0,0.007628028746694326,0.0,-0.43513283133506775,1.0
415,0.23635053634643555,0.09197843074798584,0.6716710329055786,2.0,1900,0.0,1.8316633701324463,0.0,-1.7618462244683997e-11,1.0,0.007398403715342283,0.0,-0.4400953948497772,1.0
416,0.24585425853729248,0.10312191396951675,0.651023805141449,2.0,1900,0.0,1.833667278289795,0.0,-3.5336404913266506e-09,1.0,0.007174795027822256,0.0,-0.44517961144447327,1.0
417,0.25535905361175537,0.11426672339439392,0.6303741931915283,2.0,1900,0.0,1.8356714248657227,0.0,-2.3323643016937012e-09,1.0,0.00695716543123126,0.0,-0.4503864347934723,1.0
418,0.2648627758026123,0.12541022896766663,0.6097270250320435,2.0,1900,0.0,1.8376753330230713,0.0,6.735686453041012e-10,1.0,0.006745566613972187,0.0,-0.45571470260620117,1.0
419,0.2743670344352722,0.13655437529087067,0.5890786051750183,2.0,1900,0.0,1.8396793603897095,0.0,-4.838042744204074e-10,1.0,0.0065399594604969025,0.0,-0.4611651599407196,1.0
420,0.28387129306793213,0.1476985216140747,0.5684301853179932,2.0,1900,0.0,1.8416833877563477,0.0,-1.641177194144916e-09,1.0,0.006340357009321451,0.0,-0.46673762798309326,1.0
421,0.29337555170059204,0.15884268283843994,0.547781765460968,2.0,1900,0.0,1.8436874151229858,0.0,-1.0160299268591189e-09,1.0,0.0061467597261071205,0.0,-0.47243210673332214,1.0
422,0.3028797507286072,0.16998682916164398,0.5271334052085876,2.0,1900,0.0,1.845691442489624,0.0,1.6747718767362585e-09,1.0,0.005959168076515198,0.0,-0.4782485067844391,1.0
423,0.3123834729194641,0.1811303198337555,0.5064862370491028,2.0,1900,0.0,1.8476953506469727,0.0,2.898184803257209e-09,1.0,0.005777591839432716,0.0,-0.48418664932250977,1.0
424,0.321888267993927,0.19227513670921326,0.48583656549453735,2.0,1900,0.0,1.8496994972229004,0.0,1.1425462798086983e-09,1.0,0.0056019979529082775,0.0,-0.49024736881256104,1.0
425,0.33139199018478394,0.20341861248016357,0.4651893973350525,2.0,1900,0.0,1.851703405380249,0.0,5.834389082970404e-10,1.0,0.005432430654764175,0.0,-0.4964294135570526,1.0
426,0.34089624881744385,0.21456275880336761,0.44454097747802734,2.0,1900,0.0,1.8537074327468872,0.0,-5.739340114274682e-10,1.0,0.0052688573487102985,0.0,-0.5027337670326233,1.0
427,0.35040047764778137,0.22570690512657166,0.4238925874233246,2.0,1900,0.0,1.8557114601135254,0.0,1.9278048601911735e-10,1.0,0.00511128967627883,0.0,-0.5091601610183716,1.0
428,0.3599042594432831,0.23685041069984436,0.40324535965919495,2.0,1900,0.0,1.857715368270874,0.0,-6.49461373569693e-10,1.0,0.0049597350880503654,0.0,-0.5157082080841064,1.0
429,0.3694089949131012,0.24799522757530212,0.3825957477092743,2.0,1900,0.0,1.8597195148468018,0.0,1.4430748818128336e-09,1.0,0.0048141684383153915,0.0,-0.5223788619041443,1.0
430,0.3789127469062805,0.25913870334625244,0.36194854974746704,2.0,1900,0.0,1.8617234230041504,0.0,-1.0401197680920404e-09,1.0,0.004674622789025307,0.0,-0.5291708111763,1.0
431,0.38841697573661804,0.2702828645706177,0.3413001596927643,2.0,1900,0.0,1.8637274503707886,0.0,1.5091148330981241e-09,1.0,0.004541074391454458,0.0,-0.5360850691795349,1.0
432,0.39792123436927795,0.2814269959926605,0.32065173983573914,2.0,1900,0.0,1.8657314777374268,0.0,-1.4307782736366903e-09,1.0,0.004413530230522156,0.0,-0.543121337890625,1.0
433,0.40742549300193787,0.29257115721702576,0.300003319978714,2.0,1900,0.0,1.867735505104065,0.0,-8.056310063508931e-10,1.0,0.004291991703212261,0.0,-0.5502796173095703,1.0
434,0.4169297218322754,0.303715318441391,0.27935492992401123,2.0,1900,0.0,1.8697395324707031,0.0,1.7436035948392714e-09,1.0,0.0041764578782022,0.0,-0.5575598478317261,1.0
435,0.4264334738254547,0.3148587942123413,0.258707731962204,2.0,1900,0.0,1.8717434406280518,0.0,-7.395911660879051e-10,1.0,0.004066934809088707,0.0,-0.5649616718292236,1.0
436,0.43593829870224,0.3260036110877991,0.23805810511112213,2.0,1900,0.0,1.8737475872039795,0.0,3.909014778535891e-10,1.0,0.003963404800742865,0.0,-0.572486400604248,1.0
437,0.44544196128845215,0.3371470868587494,0.21741092205047607,2.0,1900,0.0,1.8757514953613281,0.0,-1.1302495606102525e-09,1.0,0.0038658909033983946,0.0,-0.5801320672035217,1.0
438,0.45494621992111206,0.3482912480831146,0.19676251709461212,2.0,1900,0.0,1.8777555227279663,0.0,4.5694137362772835e-10,1.0,0.0037743765860795975,0.0,-0.5879002809524536,1.0
439,0.46445053815841675,0.35943537950515747,0.17611409723758698,2.0,1900,0.0,1.8797595500946045,0.0,-2.4829516220847836e-09,1.0,0.003688866039738059,0.0,-0.5957905054092407,1.0
440,0.4739542007446289,0.3705788552761078,0.15546691417694092,2.0,1900,0.0,1.8817634582519531,0.0,-4.004102827082079e-09,1.0,0.0036093657836318016,0.0,-0.6038021445274353,1.0
441,0.4834590554237366,0.38172367215156555,0.13481728732585907,2.0,1900,0.0,1.8837676048278809,0.0,-2.873610016607131e-09,1.0,0.0035358613822609186,0.0,-0.6119368076324463,1.0
442,0.49296268820762634,0.39286717772483826,0.11417010426521301,2.0,1900,0.0,1.8857715129852295,0.0,-8.297208475838147e-10,1.0,0.003468370996415615,0.0,-0.6201924085617065,1.0
443,0.5024669170379639,0.4040113389492035,0.09352169185876846,2.0,1900,0.0,1.8877755403518677,0.0,2.764481976669231e-10,1.0,0.0034068808890879154,0.0,-0.6285704374313354,1.0
444,0.5119711756706238,0.4151555001735687,0.07287327945232391,2.0,1900,0.0,1.8897795677185059,0.0,1.3826172429176609e-09,1.0,0.0033513957168906927,0.0,-0.6370705366134644,1.0
445,0.5214754939079285,0.4262996315956116,0.052224867045879364,2.0,1900,0.0,1.891783595085144,0.0,-1.0762539748299105e-09,1.0,0.003301914082840085,0.0,-0.6456927061080933,1.0
446,0.5309797525405884,0.4374437928199768,0.03157646209001541,2.0,1900,0.0,1.8937876224517822,0.0,5.109369594080704e-10,1.0,0.0032584387809038162,0.0,-0.6544367671012878,1.0
447,0.5404834151268005,0.4485872685909271,0.010929279029369354,2.0,1900,0.0,1.8957915306091309,0.0,-1.01021402354462e-09,1.0,0.00322097004391253,0.0,-0.6633022427558899,1.0
448,0.45032909512519836,0.5405247211456299,0.009146178141236305,2.0,1236,0.0,1.8977956771850586,0.0,-8.289916531012409e-10,1.0,0.0037036819849163294,0.0,-0.6771058440208435,1.0
449,0.4414995610713959,0.5299267172813416,0.02857373096048832,2.0,1236,0.0,1.8997995853424072,0.0,-8.051517230711625e-10,1.0,0.0047335573472082615,0.0,-0.6954239010810852,1.0
450,0.4326695203781128,0.5193280577659607,0.04800243675708771,2.0,1236,0.0,1.9018036127090454,0.0,2.4109105822844867e-09,1.0,0.005719391629099846,0.0,-0.7124792337417603,1.0
451,0.4238394498825073,0.5087293982505798,0.06743115186691284,2.0,1236,0.0,1.9038076400756836,0.0,5.019229032399153e-09,1.0,0.00666112219914794,0.0,-0.7282707095146179,1.0
452,0.41500991582870483,0.4981313943862915,0.08685870468616486,2.0,1236,0.0,1.9058115482330322,0.0,5.043069073451534e-09,1.0,0.007558697834610939,0.0,-0.7427975535392761,1.0
453,0.406179279088974,0.4875321388244629,0.10628857463598251,2.0,1236,0.0,1.90781569480896,0.0,3.5919804908246533e-09,1.0,0.00841227825731039,0.0,-0.7560621500015259,1.0
454,0.3973497450351715,0.47693413496017456,0.12571612000465393,2.0,1236,0.0,1.9098196029663086,0.0,4.102015616069821e-09,1.0,0.009221653454005718,0.0,-0.7680613994598389,1.0
455,0.3885197043418884,0.4663354754447937,0.14514483511447906,2.0,1236,0.0,1.9118236303329468,0.0,6.710334066184487e-09,1.0,0.009986971504986286,0.0,-0.7787976264953613,1.0
456,0.3796895742416382,0.4557368755340576,0.164573535323143,2.0,1236,0.0,1.913827657699585,0.0,3.1609617145988977e-09,1.0,0.010708198882639408,0.0,-0.7882699370384216,1.0
457,0.3708595633506775,0.44513824582099915,0.18400223553180695,2.0,1236,0.0,1.9158316850662231,0.0,3.1766300701008277e-09,1.0,0.01138531044125557,0.0,-0.7964784502983093,1.0
458,0.362029492855072,0.4345395863056183,0.20343095064163208,2.0,1236,0.0,1.9178357124328613,0.0,5.784948520215494e-09,1.0,0.012018321081995964,0.0,-0.8034231066703796,1.0
459,0.35319989919662476,0.42394158244132996,0.2228585034608841,2.0,1236,0.0,1.91983962059021,0.0,5.808788561267875e-09,1.0,0.012607203796505928,0.0,-0.8091035485267639,1.0
460,0.3443692922592163,0.41334232687950134,0.24228836596012115,2.0,1236,0.0,1.9218437671661377,0.0,4.843895062833781e-09,1.0,0.013152048923075199,0.0,-0.8135207891464233,1.0
461,0.3355397880077362,0.402744323015213,0.26171591877937317,2.0,1236,0.0,1.9238476753234863,0.0,4.867734659796952e-09,1.0,0.013652719557285309,0.0,-0.816673755645752,1.0
462,0.3267097473144531,0.39214566349983215,0.2811446189880371,2.0,1236,0.0,1.9258517026901245,0.0,8.4484437223864e-09,1.0,0.014109314419329166,0.0,-0.8185631036758423,1.0
463,0.3178795576095581,0.38154706358909607,0.30057334899902344,2.0,1236,0.0,1.9278557300567627,0.0,2.9542914781188756e-09,1.0,0.014521846547722816,0.0,-0.8191884756088257,1.0
464,0.309049516916275,0.3709484338760376,0.3200020492076874,2.0,1236,0.0,1.9298597574234009,0.0,2.9699596115762006e-09,1.0,0.01489024143666029,0.0,-0.818550169467926,1.0
465,0.30021944642066956,0.36034977436065674,0.3394307792186737,2.0,1236,0.0,1.931863784790039,0.0,4.605888115349899e-09,1.0,0.015214533545076847,0.0,-0.8166479468345642,1.0
466,0.29138991236686707,0.3497517704963684,0.3588583171367645,2.0,1236,0.0,1.9338676929473877,0.0,5.602117880698643e-09,1.0,0.015494709834456444,0.0,-0.8134821057319641,1.0
467,0.2825593054294586,0.3391525149345398,0.3782881796360016,2.0,1236,0.0,1.9358718395233154,0.0,4.6372248263537585e-09,1.0,0.01573082059621811,0.0,-0.8090519905090332,1.0
468,0.27372977137565613,0.32855451107025146,0.3977157175540924,2.0,1236,0.0,1.937875747680664,0.0,5.6334545917025025e-09,1.0,0.015922795981168747,0.0,-0.8033586144447327,1.0
469,0.26489970088005066,0.3179558515548706,0.41714444756507874,2.0,1236,0.0,1.9398797750473022,0.0,7.2693833175208056e-09,1.0,0.01607067696750164,0.0,-0.7964010834693909,1.0
470,0.2560696005821228,0.3073572516441345,0.4365731477737427,2.0,1236,0.0,1.9418838024139404,0.0,3.7200109659352165e-09,1.0,0.016174480319023132,0.0,-0.7881797552108765,1.0
471,0.24724003672599792,0.2967592477798462,0.4560007154941559,2.0,1236,0.0,1.943887710571289,0.0,2.7714610606466294e-09,1.0,0.01623416878283024,0.0,-0.7786951065063477,1.0
472,0.23840945959091187,0.2861599922180176,0.47543054819107056,2.0,1236,0.0,1.9458918571472168,0.0,3.7513472328498665e-09,1.0,0.016249746084213257,0.0,-0.7679454684257507,1.0
473,0.2295798659324646,0.27556198835372925,0.49485814571380615,2.0,1236,0.0,1.9478957653045654,0.0,8.580176569239484e-10,1.0,0.016221243888139725,0.0,-0.7559332847595215,1.0
474,0.22074979543685913,0.2649633586406708,0.5142868161201477,2.0,1236,0.0,1.9498997926712036,0.0,2.8184654610186044e-09,1.0,0.016148623079061508,0.0,-0.7426565289497375,1.0
475,0.21191972494125366,0.2543646991252899,0.533715546131134,2.0,1236,0.0,1.9519038200378418,0.0,4.4543941868369075e-09,1.0,0.016031889244914055,0.0,-0.7281160354614258,1.0
476,0.2030896544456482,0.24376606941223145,0.5531442761421204,2.0,1236,0.0,1.95390784740448,0.0,2.5252826496569014e-09,1.0,0.015871062874794006,0.0,-0.7123116850852966,1.0
477,0.1942596435546875,0.23316743969917297,0.5725729465484619,2.0,1236,0.0,1.9559118747711182,0.0,4.4857304537515574e-09,1.0,0.015666108578443527,0.0,-0.6952435374259949,1.0
478,0.18543004989624023,0.22256943583488464,0.5920004844665527,2.0,1236,0.0,1.9579157829284668,0.0,5.481960219100301e-09,1.0,0.015417110174894333,0.0,-0.6769124865531921,1.0
479,0.1765994429588318,0.21197015047073364,0.6114304065704346,2.0,1236,0.0,1.9599199295043945,0.0,4.1925476423898544e-09,1.0,0.015123954974114895,0.0,-0.6573154330253601,1.0
480,0.1677699089050293,0.2013721764087677,0.6308579444885254,2.0,1236,0.0,1.9619238376617432,0.0,1.6237371447402893e-09,1.0,0.014786743558943272,0.0,-0.6364570260047913,1.0
481,0.15893983840942383,0.19077353179454803,0.6502866148948669,2.0,1236,0.0,1.9639278650283813,0.0,5.366705302378705e-09,1.0,0.01440539862960577,0.0,-0.61433345079422,1.0
482,0.15010976791381836,0.18017488718032837,0.6697153449058533,2.0,1236,0.0,1.9659318923950195,0.0,5.220113674653248e-09,1.0,0.013979950919747353,0.0,-0.5909460783004761,1.0
483,0.1412801742553711,0.16957688331604004,0.6891429424285889,2.0,1236,0.0,1.9679358005523682,0.0,2.3267840987273303e-09,1.0,0.013510458171367645,0.0,-0.5662962794303894,1.0
484,0.13244956731796265,0.15897762775421143,0.7085728049278259,2.0,1236,0.0,1.969939947128296,0.0,1.3618906002932363e-09,1.0,0.012996790930628777,0.0,-0.5403797030448914,1.0
485,0.12362003326416016,0.1483796238899231,0.7280003428459167,2.0,1236,0.0,1.9719438552856445,0.0,2.3581203656419802e-09,1.0,0.012439069338142872,0.0,-0.5132024884223938,1.0
486,0.11479002237319946,0.13778097927570343,0.7474290132522583,2.0,1236,0.0,1.9739478826522827,0.0,6.101088523280396e-09,1.0,0.011837180703878403,0.0,-0.4847598671913147,1.0
487,0.10595989227294922,0.12718236446380615,0.7668577432632446,2.0,1236,0.0,1.975951910018921,0.0,2.3894566325566302e-09,1.0,0.01119126845151186,0.0,-0.45505326986312866,1.0
488,0.09712988138198853,0.11658371984958649,0.7862864136695862,2.0,1236,0.0,1.977955937385559,0.0,6.132424346105836e-09,1.0,0.010501173324882984,0.0,-0.4240829646587372,1.0
489,0.08829981088638306,0.10598507523536682,0.8057151436805725,2.0,1236,0.0,1.9799599647521973,0.0,5.985833162469589e-09,1.0,0.00976700708270073,0.0,-0.39184874296188354,1.0
490,0.07947021722793579,0.09538707137107849,0.8251426815986633,2.0,1236,0.0,1.981963872909546,0.0,6.982062927818333e-09,1.0,0.00898881908506155,0.0,-0.35835257172584534,1.0
491,0.07063955068588257,0.08478781580924988,0.8445726037025452,2.0,1236,0.0,1.9839680194854736,0.0,2.127610088109577e-09,1.0,0.008166453801095486,0.0,-0.3235885202884674,1.0
492,0.061810076236724854,0.07418981194496155,0.864000141620636,2.0,1236,0.0,1.9859719276428223,0.0,3.123839853458321e-09,1.0,0.007299995515495539,0.0,-0.28756508231163025,1.0
493,0.05297994613647461,0.06359116733074188,0.8834288716316223,2.0,1236,0.0,1.9879759550094604,0.0,2.9772484477774697e-09,1.0,0.006389457732439041,0.0,-0.2502754032611847,1.0
494,0.04414987564086914,0.0529925562441349,0.9028575420379639,2.0,1236,0.0,1.9899799823760986,0.0,2.7095461430093337e-09,1.0,0.005434801336377859,0.0,-0.21172206103801727,1.0
495,0.03531980514526367,0.04239390790462494,0.9222862720489502,2.0,1236,0.0,1.9919840097427368,0.0,3.0085847146921196e-09,1.0,0.004436018876731396,0.0,-0.1719048023223877,1.0
496,0.02648979425430298,0.03179526329040527,0.9417149424552917,2.0,1236,0.0,1.993988037109375,0.0,6.75155265028593e-09,1.0,0.0033930956851691008,0.0,-0.13082382082939148,1.0
497,0.017660200595855713,0.021197255700826645,0.9611425399780273,2.0,1236,0.0,1.9959919452667236,0.0,4.3038532737682544e-09,1.0,0.0023062117397785187,0.0,-0.0884813442826271,1.0
498,0.008829653263092041,0.01059800572693348,0.9805723428726196,2.0,1236,0.0,1.9979960918426514,0.0,6.560073817496459e-09,1.0,0.0011750395642593503,0.0,-0.04487016052007675,1.0
499,0.0,-0.0,1.0,2.0,1236,0.0,2.0,0.0,0.0,1.0,0.0,0.0,0.0,1.0
